contrast,AUC_tau_ratio_model,AUC_tau_ratio_published,AUC_tau_pct_error,Cmax_ratio_model,Cmax_ratio_published,Cmax_pct_error,pass_5pct
Low albumin 30 vs 40 g/L,1.420565539939118,1.414,0.464323899513297,1.0741192037058802,1.075,-0.08193453898788228,True
ECOG 0 vs 1,0.868793426945315,0.868,0.09140863425287638,0.9763873169310681,0.977,-0.06271065188658831,True
ECOG 2 vs 1,1.0808614695391838,1.083,-0.1974635697891136,1.0140467234127146,1.017,-0.29039101153247593,True
Asian vs Caucasian,0.8196516739285695,0.817,0.3245622923585767,0.96737037000329,0.966,0.14186024878777292,True
Black vs Caucasian,0.9316096815499193,0.934,-0.2559227462613278,0.9878767283623539,0.988,-0.012476886401435738,True
Female vs male,1.1918869636663725,1.19,0.15856837532541856,1.2384590529420079,1.242,-0.2851004072457419,True
Tumor <=70 vs >70 mm,0.8936412390139574,0.892,0.18399540515217083,0.9809839188049049,0.982,-0.1034705901318822,True
High-fat meal vs fasted,1.3279962282732378,1.327,0.07507372066599682,1.1514781869857347,1.13,1.900724512011931,True
PPI vs none,0.8219999942183345,0.82,0.24390173394324144,0.8220000005782518,0.828,-0.7246376113222319,True
Healthy vs reference patient,0.5310300152667692,0.534,-0.5561769163353603,0.902504852557555,0.898,0.5016539596386371,True
