"contrast","AUC_tau_ratio_R","AUC_tau_ratio_published","AUC_tau_ratio_Python","AUC_tau_published_error_pct","AUC_tau_Python_difference_pct","AUC_tau_grid_change_pct","Cmax_ratio_R","Cmax_ratio_published","Cmax_ratio_Python","Cmax_published_error_pct","Cmax_Python_difference_pct","Cmax_grid_change_pct"
"Low albumin 30 vs 40 g/L",1.42056556159055,1.414,1.42056553993912,0.464325430731893,1.52414163512304e-06,3.34313889904791e-06,1.07411920448374,1.075,1.07411920370588,-0.081934466628375,7.24188486955768e-08,0.00931507346164651
"ECOG 0 vs 1",0.868793435790643,0.868,0.868793426945315,0.0914096532999453,1.01811641339822e-06,-1.69338787436857e-06,0.976387316885757,0.977,0.976387316931068,-0.0627106565243896,-4.64071003847266e-09,0.0160715161134917
"ECOG 2 vs 1",1.08086148598451,1.083,1.08086146953918,-0.197462051291708,1.52150181342847e-06,8.5734779275981e-07,1.01404672398283,1.017,1.01404672341271,-0.290390955474074,5.62216717625574e-08,0.00992676470403797
"Asian vs Caucasian",0.819651683165111,0.817,0.81965167392857,0.324563422902213,1.12688618436607e-06,-2.46093960765137e-06,0.967370370019066,0.966,0.96737037000329,0.141860250420889,1.6307843964114e-09,-1.76637593440887e-09
"Black vs Caucasian",0.931609682113379,0.934,0.931609681549919,-0.255922685933752,6.04823746641614e-08,-8.19421130948683e-07,0.987876727268746,0.988,0.987876728362354,-0.0124769970905159,-1.10702913502791e-07,-1.98108196514113e-10
"Female vs male",1.19188697628454,1.19,1.19188696366637,0.158569435675449,1.05867130617554e-06,-5.38363842395029e-07,1.23845905145743,1.242,1.23845905294201,-0.285100526777005,-1.19873033721518e-07,-1.19604326442868e-10
"Tumor <=70 vs >70 mm",0.893641244976765,0.892,0.893641239013957,0.183996073628356,6.67248478691818e-07,-1.33531004031795e-06,0.980983918151623,0.982,0.980983918804905,-0.103470656657523,-6.65945298905513e-08,0.00815708802290871
"High-fat meal vs fasted",1.32799624679575,1.327,1.32799622827324,0.0750751164847685,1.39477165372881e-06,1.06261198951074e-05,1.15147818657574,1.13,1.15147818698573,1.90072447572915,-3.56060181339046e-08,0.00330125486733834
"PPI vs none",0.821999999905232,0.82,0.821999994218334,0.243902427467368,6.91836721244954e-07,1.13338893825699e-08,0.82199999998203,0.828,0.822000000578252,-0.724637683329743,-7.25331128492712e-08,2.16999751501135e-09
"Healthy vs reference patient",0.53103002195208,0.534,0.531030015266769,-0.55617566440459,1.25893266922361e-06,-9.88684647484916e-06,0.902504852419098,0.898,0.902504852557555,0.501653944220215,-1.5341450332329e-08,0.000256530491427043
