,0.0,0.02,0.04,0.06,0.08,0.1,0.12,0.14,0.16,0.18,0.2,0.22,0.24,0.26,0.28,0.3,0.32,0.34,0.36,0.38,0.4,0.42,0.44,0.46,0.48,0.5,0.52,0.54,0.56,0.58,0.6,0.62,0.64,0.66,0.68,0.7,0.72,0.74,0.76,0.78,0.8,0.82,0.84,0.86,0.88,0.9,0.92,0.94,0.96,0.98,1.0
-1.5,0.06137093356618961,0.06325521310892374,0.06513949265165786,0.06702377219439193,0.06890805173712605,0.07079233127986018,0.0726766108225943,0.07456089036532837,0.0764451699080625,0.07832944945079659,0.08021372899353074,0.08209800853626478,0.0839822880789989,0.08586656762173303,0.0877508471644671,0.08963512670720128,0.09151940624993535,0.09340368579266944,0.09528796533540357,0.09717224487813769,0.09905652442087179,0.10094080396360589,0.10282508350633998,0.1047093630490741,0.10659364259180823,0.10847792213454233,0.11036220167727645,0.11224648122001052,0.11413076076274464,0.11601504030547871,0.11789931984821289,0.11978359939094702,0.12166787893368108,0.12355215847641521,0.12543643801914928,0.1273207175618834,0.12920499710461752,0.1310892766473516,0.13297355619008577,0.13485783573281984,0.13674211527555397,0.1386263948182881,0.14051067436102216,0.14239495390375628,0.14427923344649035,0.14616351298922448,0.1480477925319586,0.14993207207469267,0.15181635161742685,0.15370063116016092,0.15558491070289504
-1.45,0.05967757175547006,0.061561851298204184,0.06344613084093825,0.06533041038367238,0.0672146899264065,0.06909896946914063,0.07098324901187475,0.07286752855460882,0.07475180809734294,0.07663608764007704,0.07852036718281113,0.08040464672554523,0.08228892626827936,0.08417320581101348,0.0860574853537476,0.08794176489648167,0.0898260444392158,0.09171032398194989,0.09359460352468402,0.09547888306741814,0.09736316261015224,0.09924744215288633,0.10113172169562043,0.10301600123835455,0.10490028078108868,0.10678456032382277,0.1086688398665569,0.11055311940929097,0.11243739895202509,0.11432167849475916,0.11620595803749334,0.11809023758022746,0.11997451712296153,0.12185879666569566,0.12374307620842973,0.12562735575116385,0.12751163529389797,0.12939591483663204,0.13128019437936622,0.1331644739221003,0.13504875346483441,0.13693303300756854,0.1388173125503026,0.14070159209303673,0.1425858716357708,0.14447015117850492,0.14635443072123905,0.14823871026397312,0.1501229898067073,0.15200726934944137,0.1538915488921755
-1.4,0.05795131197689901,0.059835591519633136,0.06171987106236726,0.06360415060510133,0.06548843014783545,0.06737270969056958,0.0692569892333037,0.07114126877603777,0.0730255483187719,0.07490982786150599,0.07679410740424014,0.07867838694697418,0.0805626664897083,0.08244694603244243,0.0843312255751765,0.08621550511791068,0.08809978466064475,0.08998406420337884,0.09186834374611297,0.09375262328884709,0.09563690283158119,0.09752118237431529,0.09940546191704938,0.1012897414597835,0.10317402100251763,0.10505830054525173,0.10694258008798585,0.10882685963071992,0.11071113917345404,0.11259541871618811,0.11447969825892229,0.11636397780165642,0.11824825734439048,0.12013253688712461,0.12201681642985868,0.1239010959725928,0.12578537551532692,0.127669655058061,0.12955393460079517,0.13143821414352924,0.13332249368626337,0.1352067732289975,0.13709105277173156,0.13897533231446568,0.14085961185719975,0.14274389139993388,0.144628170942668,0.14651245048540207,0.14839673002813625,0.15028100957087032,0.15216528911360444
-1.35,0.0561924274423628,0.058076706985096926,0.05996098652783105,0.06184526607056512,0.06372954561329924,0.06561382515603337,0.06749810469876749,0.06938238424150156,0.07126666378423568,0.07315094332696978,0.07503522286970393,0.07691950241243797,0.0788037819551721,0.08068806149790622,0.08257234104064029,0.08445662058337447,0.08634090012610854,0.08822517966884263,0.09010945921157676,0.09199373875431088,0.09387801829704498,0.09576229783977908,0.09764657738251317,0.0995308569252473,0.10141513646798142,0.10329941601071552,0.10518369555344964,0.10706797509618371,0.10895225463891783,0.1108365341816519,0.11272081372438608,0.1146050932671202,0.11648937280985427,0.1183736523525884,0.12025793189532247,0.12214221143805659,0.12402649098079072,0.12591077052352478,0.12779505006625896,0.12967932960899303,0.13156360915172716,0.13344788869446128,0.13533216823719535,0.13721644777992947,0.13910072732266354,0.14098500686539767,0.1428692864081318,0.14475356595086586,0.14663784549360004,0.1485221250363341,0.15040640457906823
-1.3,0.05440128381207554,0.056285563354809665,0.05816984289754379,0.06005412244027786,0.06193840198301198,0.0638226815257461,0.06570696106848023,0.0675912406112143,0.06947552015394842,0.07135979969668252,0.07324407923941667,0.07512835878215071,0.07701263832488484,0.07889691786761896,0.08078119741035303,0.08266547695308718,0.08454975649582128,0.08643403603855537,0.0883183155812895,0.09020259512402362,0.09208687466675772,0.09397115420949181,0.09585543375222591,0.09773971329496003,0.09962399283769416,0.10150827238042825,0.10339255192316238,0.10527683146589645,0.10716111100863057,0.10904539055136464,0.11092967009409882,0.11281394963683294,0.11469822917956701,0.11658250872230114,0.1184667882650352,0.12035106780776933,0.12223534735050345,0.12411962689323752,0.1260039064359717,0.12788818597870577,0.1297724655214399,0.13165674506417402,0.1335410246069081,0.1354253041496422,0.13730958369237628,0.1391938632351104,0.14107814277784453,0.1429624223205786,0.14484670186331278,0.14673098140604685,0.14861526094878097
-1.25,0.05257834335388528,0.054462622896619406,0.056346902439353475,0.0582311819820876,0.06011546152482172,0.06199974106755585,0.06388402061028997,0.06576830015302404,0.06765257969575816,0.06953685923849226,0.07142113878122636,0.07330541832396045,0.07518969786669458,0.0770739774094287,0.07895825695216283,0.08084253649489692,0.08272681603763102,0.08461109558036511,0.08649537512309924,0.08837965466583336,0.09026393420856746,0.09214821375130156,0.09403249329403565,0.09591677283676978,0.0978010523795039,0.099685331922238,0.10156961146497212,0.10345389100770619,0.10533817055044031,0.10722245009317438,0.10910672963590856,0.11099100917864269,0.11287528872137675,0.11475956826411088,0.11664384780684495,0.11852812734957907,0.1204124068923132,0.12229668643504726,0.12418096597778144,0.1260652455205155,0.12794952506324964,0.12983380460598376,0.13171808414871783,0.13360236369145195,0.13548664323418602,0.13737092277692015,0.13925520231965427,0.14113948186238834,0.14302376140512252,0.1449080409478566,0.1467923204905907
-1.2,0.0507241685562268,0.052608448098960925,0.05449272764169505,0.05637700718442912,0.05826128672716324,0.060145566269897366,0.06202984581263149,0.06391412535536556,0.06579840489809968,0.06768268444083378,0.06956696398356793,0.07145124352630197,0.0733355230690361,0.07521980261177022,0.07710408215450429,0.07898836169723844,0.08087264123997254,0.08275692078270663,0.08464120032544076,0.08652547986817488,0.08840975941090898,0.09029403895364307,0.09217831849637717,0.0940625980391113,0.09594687758184542,0.09783115712457952,0.09971543666731364,0.10159971621004771,0.10348399575278183,0.1053682752955159,0.10725255483825008,0.1091368343809842,0.11102111392371827,0.1129053934664524,0.11478967300918647,0.11667395255192059,0.11855823209465471,0.12044251163738878,0.12232679118012296,0.12421107072285703,0.12609535026559116,0.12797962980832528,0.12986390935105935,0.13174818889379347,0.13363246843652754,0.13551674797926166,0.1374010275219958,0.13928530706472986,0.14116958660746404,0.1430538661501981,0.14493814569293223
-1.15,0.04883942508404815,0.05072370462678227,0.05260798416951634,0.054492263712250466,0.05637654325498459,0.058260822797718714,0.06014510234045284,0.06202938188318691,0.06391366142592103,0.06579794096865513,0.06768222051138922,0.06956650005412332,0.07145077959685744,0.07333505913959157,0.07521933868232569,0.07710361822505979,0.07898789776779389,0.08087217731052798,0.0827564568532621,0.08464073639599623,0.08652501593873033,0.08840929548146442,0.09029357502419852,0.09217785456693264,0.09406213410966677,0.09594641365240086,0.09783069319513499,0.09971497273786906,0.10159925228060318,0.10348353182333725,0.10536781136607143,0.10725209090880555,0.10913637045153962,0.11102064999427375,0.11290492953700781,0.11478920907974194,0.11667348862247606,0.11855776816521013,0.12044204770794431,0.12232632725067838,0.1242106067934125,0.12609488633614663,0.1279791658788807,0.12986344542161482,0.1317477249643489,0.133632004507083,0.13551628404981714,0.1374005635925512,0.13928484313528539,0.14116912267801945,0.14305340222075358
-1.1,0.04692488396717148,0.048809163509905606,0.050693443052639675,0.0525777225953738,0.05446200213810792,0.05634628168084205,0.05823056122357617,0.06011484076631024,0.061999120309044364,0.06388339985177846,0.06576767939451256,0.06765195893724665,0.06953623847998078,0.0714205180227149,0.073304797565449,0.07518907710818312,0.07707335665091722,0.07895763619365131,0.08084191573638544,0.08272619527911956,0.08461047482185366,0.08649475436458776,0.08837903390732185,0.09026331345005598,0.0921475929927901,0.0940318725355242,0.09591615207825832,0.09780043162099239,0.09968471116372651,0.10156899070646058,0.10345327024919476,0.10533754979192889,0.10722182933466295,0.10910610887739708,0.11099038842013115,0.11287466796286527,0.1147589475055994,0.11664322704833346,0.11852750659106764,0.12041178613380171,0.12229606567653584,0.12418034521926996,0.12606462476200403,0.12794890430473815,0.12983318384747222,0.13171746339020635,0.13360174293294047,0.13548602247567454,0.13737030201840872,0.1392545815611428,0.1411388611038769
-1.05,0.04498142291403778,0.04686570245677191,0.048749981999505976,0.0506342615422401,0.052518541084974224,0.05440282062770835,0.05628710017044247,0.05817137971317654,0.060055659255910665,0.06193993879864476,0.06382421834137886,0.06570849788411295,0.06759277742684708,0.0694770569695812,0.0713613365123153,0.07324561605504942,0.07512989559778352,0.07701417514051762,0.07889845468325174,0.08078273422598586,0.08266701376871996,0.08455129331145406,0.08643557285418815,0.08831985239692228,0.0902041319396564,0.0920884114823905,0.09397269102512462,0.09585697056785869,0.09774125011059281,0.09962552965332688,0.10150980919606106,0.10339408873879519,0.10527836828152926,0.10716264782426338,0.10904692736699745,0.11093120690973157,0.1128154864524657,0.11469976599519977,0.11658404553793394,0.11846832508066801,0.12035260462340214,0.12223688416613626,0.12412116370887033,0.12600544325160445,0.12788972279433852,0.12977400233707265,0.13165828187980677,0.13354256142254084,0.13542684096527502,0.1373111205080091,0.1391954000507432
-1.0,0.043010026651109146,0.04489430619384327,0.04677858573657734,0.04866286527931146,0.05054714482204559,0.05243142436477971,0.054315703907513835,0.0561999834502479,0.05808426299298203,0.059968542535716124,0.06185282207845022,0.06373710162118432,0.06562138116391844,0.06750566070665256,0.06938994024938666,0.07127421979212079,0.07315849933485488,0.07504277887758898,0.0769270584203231,0.07881133796305723,0.08069561750579132,0.08257989704852542,0.08446417659125952,0.08634845613399364,0.08823273567672776,0.09011701521946186,0.09200129476219598,0.09388557430493005,0.09576985384766418,0.09765413339039825,0.09953841293313243,0.10142269247586655,0.10330697201860062,0.10519125156133474,0.10707553110406881,0.10895981064680293,0.11084409018953706,0.11272836973227113,0.11461264927500531,0.11649692881773938,0.1183812083604735,0.12026548790320762,0.12214976744594169,0.12403404698867582,0.12591832653140989,0.127802606074144,0.12968688561687813,0.1315711651596122,0.13345544470234638,0.13533972424508045,0.13722400378781457
-0.95,0.04101178619976559,0.04289606574249971,0.044780345285233836,0.046664624827967904,0.04854890437070203,0.05043318391343615,0.05231746345617028,0.054201742998904345,0.05608602254163847,0.057970302084372566,0.05985458162710672,0.06173886116984076,0.06362314071257488,0.065507420255309,0.0673916997980431,0.06927597934077723,0.07116025888351132,0.07304453842624542,0.07492881796897954,0.07681309751171367,0.07869737705444776,0.08058165659718186,0.08246593613991596,0.08435021568265008,0.0862344952253842,0.0881187747681183,0.09000305431085243,0.0918873338535865,0.09377161339632062,0.09565589293905469,0.09754017248178887,0.09942445202452299,0.10130873156725706,0.10319301110999118,0.10507729065272525,0.10696157019545938,0.1088458497381935,0.11073012928092757,0.11261440882366175,0.11449868836639582,0.11638296790912994,0.11826724745186407,0.12015152699459813,0.12203580653733226,0.12392008608006633,0.12580436562280045,0.12768864516553458,0.12957292470826864,0.13145720425100282,0.1333414837937369,0.13522576333647102
-0.9,0.038987897018605056,0.04087217656133918,0.042756456104073304,0.04464073564680737,0.046525015189541497,0.04840929473227562,0.050293574275009745,0.05217785381774381,0.05406213336047794,0.055946412903212034,0.057830692445946186,0.05971497198868023,0.06159925153141435,0.06348353107414847,0.06536781061688257,0.0672520901596167,0.06913636970235079,0.07102064924508489,0.07290492878781901,0.07478920833055314,0.07667348787328723,0.07855776741602133,0.08044204695875543,0.08232632650148955,0.08421060604422367,0.08609488558695777,0.0879791651296919,0.08986344467242596,0.09174772421516009,0.09363200375789416,0.09551628330062834,0.09740056284336246,0.09928484238609653,0.10116912192883065,0.10305340147156472,0.10493768101429884,0.10682196055703297,0.10870624009976704,0.11059051964250122,0.11247479918523529,0.11435907872796941,0.11624335827070353,0.1181276378134376,0.12001191735617173,0.1218961968989058,0.12378047644163992,0.12566475598437404,0.1275490355271081,0.1294333150698423,0.13131759461257636,0.13320187415531048
-0.85,0.03693965595972132,0.03882393550245544,0.04070821504518951,0.042592494587923635,0.04447677413065776,0.04636105367339188,0.04824533321612601,0.050129612758860076,0.0520138923015942,0.053898171844328296,0.05578245138706239,0.05766673092979649,0.05955101047253061,0.06143529001526474,0.06331956955799883,0.06520384910073296,0.06708812864346705,0.06897240818620115,0.07085668772893527,0.0727409672716694,0.0746252468144035,0.07650952635713759,0.07839380589987169,0.08027808544260581,0.08216236498533994,0.08404664452807403,0.08593092407080816,0.08781520361354223,0.08969948315627635,0.09158376269901042,0.0934680422417446,0.09535232178447872,0.09723660132721279,0.09912088086994691,0.10100516041268098,0.10288943995541511,0.10477371949814923,0.1066579990408833,0.10854227858361748,0.11042655812635155,0.11231083766908567,0.1141951172118198,0.11607939675455387,0.11796367629728799,0.11984795584002206,0.12173223538275618,0.1236165149254903,0.12550079446822437,0.12738507401095855,0.12926935355369262,0.13115363309642675
-0.8,0.03486845701263619,0.03675273655537031,0.03863701609810444,0.040521295640838506,0.04240557518357263,0.044289854726306754,0.04617413426904088,0.04805841381177495,0.04994269335450907,0.05182697289724317,0.05371125243997732,0.05559553198271136,0.057479811525445484,0.05936409106817961,0.061248370610913705,0.06313265015364783,0.06501692969638193,0.06690120923911602,0.06878548878185015,0.07066976832458427,0.07255404786731837,0.07443832741005246,0.07632260695278656,0.07820688649552068,0.08009116603825481,0.0819754455809889,0.08385972512372303,0.0857440046664571,0.08762828420919122,0.08951256375192529,0.09139684329465947,0.09328112283739359,0.09516540238012766,0.09704968192286179,0.09893396146559585,0.10081824100832998,0.1027025205510641,0.10458680009379817,0.10647107963653235,0.10835535917926642,0.11023963872200054,0.11212391826473467,0.11400819780746874,0.11589247735020286,0.11777675689293693,0.11966103643567105,0.12154531597840518,0.12342959552113925,0.12531387506387343,0.1271981546066075,0.12908243414934162
-0.75,0.032775785838659144,0.03466006538139327,0.03654434492412739,0.03842862446686146,0.040312904009595585,0.04219718355232971,0.04408146309506383,0.0459657426377979,0.047850022180532026,0.04973430172326612,0.051618581266000274,0.053502860808734315,0.05538714035146844,0.05727141989420256,0.05915569943693666,0.061039978979670784,0.06292425852240488,0.06480853806513898,0.0666928176078731,0.06857709715060722,0.07046137669334132,0.07234565623607542,0.07422993577880951,0.07611421532154364,0.07799849486427776,0.07988277440701186,0.08176705394974598,0.08365133349248005,0.08553561303521418,0.08741989257794824,0.08930417212068242,0.09118845166341655,0.09307273120615062,0.09495701074888474,0.09684129029161881,0.09872556983435293,0.10060984937708706,0.10249412891982113,0.1043784084625553,0.10626268800528937,0.1081469675480235,0.11003124709075762,0.11191552663349169,0.11379980617622582,0.11568408571895988,0.11756836526169401,0.11945264480442813,0.1213369243471622,0.12322120388989638,0.12510548343263045,0.12698976297536457
-0.7,0.030663213130749656,0.03254749267348378,0.03443177221621785,0.03631605175895197,0.0382003313016861,0.04008461084442022,0.041968890387154345,0.043853169929888414,0.04573744947262254,0.047621729015356634,0.04950600855809073,0.05139028810082483,0.05327456764355895,0.055158847186293075,0.05704312672902717,0.058927406271761296,0.06081168581449539,0.06269596535722949,0.06458024489996361,0.06646452444269774,0.06834880398543183,0.07023308352816593,0.07211736307090003,0.07400164261363415,0.07588592215636827,0.07777020169910237,0.0796544812418365,0.08153876078457056,0.08342304032730469,0.08530731987003876,0.08719159941277294,0.08907587895550706,0.09096015849824113,0.09284443804097525,0.09472871758370932,0.09661299712644345,0.09849727666917757,0.10038155621191164,0.10226583575464582,0.10415011529737989,0.10603439484011401,0.10791867438284813,0.1098029539255822,0.11168723346831633,0.1135715130110504,0.11545579255378452,0.11734007209651864,0.11922435163925271,0.12110863118198689,0.12299291072472096,0.12487719026745508
-0.65,0.028532386868354964,0.03041666641108909,0.03230094595382316,0.03418522549655728,0.036069505039291405,0.03795378458202553,0.03983806412475965,0.04172234366749372,0.043606623210227846,0.04549090275296194,0.04737518229569604,0.049259461838430135,0.05114374138116426,0.053028020923898384,0.05491230046663248,0.056796580009366604,0.0586808595521007,0.0605651390948348,0.06244941863756892,0.06433369818030304,0.06621797772303714,0.06810225726577124,0.06998653680850533,0.07187081635123946,0.07375509589397358,0.07563937543670768,0.0775236549794418,0.07940793452217587,0.08129221406491,0.08317649360764406,0.08506077315037824,0.08694505269311237,0.08882933223584644,0.09071361177858056,0.09259789132131463,0.09448217086404875,0.09636645040678288,0.09825072994951695,0.10013500949225113,0.1020192890349852,0.10390356857771932,0.10578784812045344,0.10767212766318751,0.10955640720592164,0.1114406867486557,0.11332496629138983,0.11520924583412395,0.11709352537685802,0.1189778049195922,0.12086208446232627,0.1227463640050604
-0.6,0.026385023571717625,0.02826930311445175,0.030153582657185818,0.03203786219991994,0.033922141742654066,0.03580642128538819,0.037690700828122314,0.03957498037085638,0.04145925991359051,0.043343539456324603,0.0452278189990587,0.047112098541792796,0.04899637808452692,0.050880657627261044,0.05276493716999514,0.054649216712729265,0.05653349625546336,0.05841777579819746,0.06030205534093158,0.062186334883665706,0.0640706144263998,0.0659548939691339,0.067839173511868,0.06972345305460212,0.07160773259733624,0.07349201214007034,0.07537629168280446,0.07726057122553853,0.07914485076827266,0.08102913031100673,0.0829134098537409,0.08479768939647503,0.0866819689392091,0.08856624848194322,0.09045052802467729,0.09233480756741141,0.09421908711014554,0.09610336665287961,0.09798764619561379,0.09987192573834786,0.10175620528108198,0.1036404848238161,0.10552476436655017,0.1074090439092843,0.10929332345201836,0.11117760299475249,0.11306188253748661,0.11494616208022068,0.11683044162295486,0.11871472116568893,0.12059900070842305
-0.55,0.02422289869404337,0.026107178236777495,0.02799145777951162,0.029875737322245688,0.03176001686497981,0.033644296407713936,0.03552857595044806,0.03741285549318213,0.03929713503591625,0.04118141457865035,0.0430656941213845,0.04494997366411854,0.046834253206852666,0.04871853274958679,0.05060281229232089,0.05248709183505501,0.05437137137778911,0.056255650920523204,0.05813993046325733,0.06002421000599145,0.06190848954872555,0.06379276909145964,0.06567704863419374,0.06756132817692787,0.06944560771966199,0.07132988726239609,0.07321416680513021,0.07509844634786428,0.0769827258905984,0.07886700543333247,0.08075128497606665,0.08263556451880077,0.08451984406153484,0.08640412360426897,0.08828840314700304,0.09017268268973716,0.09205696223247128,0.09394124177520535,0.09582552131793953,0.0977098008606736,0.09959408040340773,0.10147835994614185,0.10336263948887592,0.10524691903161004,0.10713119857434411,0.10901547811707823,0.11089975765981236,0.11278403720254643,0.11466831674528061,0.11655259628801468,0.1184368758307488
-0.5,0.022047836320754632,0.023932115863488757,0.025816395406222825,0.02770067494895695,0.029584954491691073,0.0314692340344252,0.03335351357715932,0.03523779311989339,0.037122072662627514,0.03900635220536161,0.04089063174809571,0.042774911290829803,0.04465919083356393,0.04654347037629805,0.04842774991903215,0.05031202946176627,0.05219630900450037,0.054080588547234465,0.05596486808996859,0.05784914763270271,0.05973342717543681,0.061617706718170906,0.063501986260905,0.06538626580363913,0.06727054534637325,0.06915482488910735,0.07103910443184147,0.07292338397457554,0.07480766351730966,0.07669194306004373,0.07857622260277791,0.08046050214551204,0.0823447816882461,0.08422906123098023,0.0861133407737143,0.08799762031644842,0.08988189985918255,0.09176617940191661,0.0936504589446508,0.09553473848738486,0.09741901803011899,0.09930329757285311,0.10118757711558718,0.1030718566583213,0.10495613620105537,0.1068404157437895,0.10872469528652362,0.11060897482925769,0.11249325437199187,0.11437753391472594,0.11626181345746006
-0.45,0.019861698370814973,0.021745977913549097,0.023630257456283166,0.02551453699901729,0.027398816541751414,0.029283096084485538,0.031167375627219662,0.03305165516995373,0.034935934712687855,0.03682021425542195,0.03870449379815605,0.040588773340890144,0.04247305288362427,0.04435733242635839,0.04624161196909249,0.04812589151182661,0.05001017105456071,0.051894450597294806,0.05377873014002893,0.055663009682763054,0.05754728922549715,0.05943156876823125,0.06131584831096534,0.06320012785369947,0.06508440739643359,0.06696868693916769,0.06885296648190181,0.07073724602463588,0.07262152556737,0.07450580511010407,0.07639008465283825,0.07827436419557238,0.08015864373830645,0.08204292328104057,0.08392720282377464,0.08581148236650876,0.08769576190924289,0.08958004145197696,0.09146432099471113,0.0933486005374452,0.09523288008017933,0.09711715962291345,0.09900143916564752,0.10088571870838164,0.10276999825111571,0.10465427779384984,0.10653855733658396,0.10842283687931803,0.11030711642205221,0.11219139596478628,0.1140756755075204
-0.4,0.017666373513920308,0.019550653056654432,0.0214349325993885,0.023319212142122625,0.02520349168485675,0.027087771227590873,0.028972050770324997,0.030856330313059066,0.03274060985579319,0.03462488939852729,0.03650916894126141,0.03839344848399548,0.0402777280267296,0.04216200756946373,0.044046287112197824,0.04593056665493195,0.047814846197666044,0.04969912574040014,0.051583405283134265,0.05346768482586839,0.055351964368602485,0.05723624391133658,0.05912052345407068,0.0610048029968048,0.06288908253953893,0.06477336208227302,0.06665764162500715,0.06854192116774122,0.07042620071047534,0.07231048025320941,0.07419475979594359,0.07607903933867771,0.07796331888141178,0.0798475984241459,0.08173187796687997,0.0836161575096141,0.08550043705234822,0.08738471659508229,0.08926899613781647,0.09115327568055054,0.09303755522328466,0.09492183476601879,0.09680611430875286,0.09869039385148698,0.10057467339422105,0.10245895293695517,0.1043432324796893,0.10622751202242336,0.10811179156515754,0.10999607110789161,0.11188035065062574
-0.35,0.01546376602760674,0.017348045570340864,0.01923232511307499,0.021116604655809057,0.02300088419854318,0.024885163741277305,0.02676944328401143,0.028653722826745498,0.030538002369479622,0.03242228191221372,0.03430656145494784,0.03619084099768191,0.038075120540416035,0.03995940008315016,0.041843679625884256,0.04372795916861838,0.045612238711352476,0.04749651825408657,0.0493807977968207,0.05126507733955482,0.05314935688228892,0.055033636425023014,0.05691791596775711,0.058802195510491234,0.06068647505322536,0.06257075459595945,0.06445503413869358,0.06633931368142765,0.06822359322416177,0.07010787276689584,0.07199215230963002,0.07387643185236414,0.07576071139509821,0.07764499093783234,0.0795292704805664,0.08141355002330053,0.08329782956603465,0.08518210910876872,0.0870663886515029,0.08895066819423697,0.0908349477369711,0.09271922727970522,0.09460350682243929,0.09648778636517341,0.09837206590790748,0.1002563454506416,0.10214062499337573,0.1040249045361098,0.10590918407884398,0.10779346362157805,0.10967774316431217
-0.3,0.013255784818930416,0.01514006436166454,0.01702434390439861,0.018908623447132733,0.020792902989866857,0.02267718253260098,0.024561462075335105,0.026445741618069174,0.028330021160803298,0.030214300703537394,0.03209858024627152,0.03398285978900559,0.03586713933173971,0.037751418874473835,0.03963569841720793,0.041519977959942056,0.04340425750267615,0.04528853704541025,0.04717281658814437,0.0490570961308785,0.05094137567361259,0.05282565521634669,0.054709934759080786,0.05659421430181491,0.058478493844549034,0.06036277338728313,0.062247052930017255,0.06413133247275132,0.06601561201548545,0.06789989155821952,0.0697841711009537,0.07166845064368782,0.07355273018642189,0.07543700972915601,0.07732128927189008,0.0792055688146242,0.08108984835735833,0.0829741279000924,0.08485840744282658,0.08674268698556065,0.08862696652829477,0.0905112460710289,0.09239552561376296,0.09427980515649709,0.09616408469923116,0.09804836424196528,0.0999326437846994,0.10181692332743347,0.10370120287016765,0.10558548241290172,0.10746976195563585
-0.25,0.011044332825860148,0.012928612368594272,0.014812891911328396,0.016697171454062465,0.01858145099679659,0.020465730539530713,0.022350010082264837,0.024234289624998906,0.02611856916773303,0.028002848710467126,0.02988712825320125,0.03177140779593532,0.03365568733866944,0.03553996688140357,0.037424246424137664,0.03930852596687179,0.041192805509605884,0.04307708505233998,0.044961364595074105,0.04684564413780823,0.048729923680542325,0.05061420322327642,0.05249848276601052,0.05438276230874464,0.056267041851478766,0.05815132139421286,0.06003560093694699,0.061919880479681055,0.06380416002241518,0.06568843956514925,0.06757271910788343,0.06945699865061755,0.07134127819335162,0.07322555773608574,0.07510983727881981,0.07699411682155394,0.07887839636428806,0.08076267590702213,0.08264695544975631,0.08453123499249038,0.0864155145352245,0.08829979407795863,0.0901840736206927,0.09206835316342682,0.09395263270616089,0.09583691224889501,0.09772119179162914,0.0996054713343632,0.10148975087709738,0.10337403041983145,0.10525830996256558
-0.2,0.008831296994163462,0.010715576536897586,0.012599856079631655,0.014484135622365779,0.016368415165099903,0.018252694707834027,0.02013697425056815,0.02202125379330222,0.023905533336036344,0.02578981287877044,0.027674092421504565,0.029558371964238633,0.03144265150697276,0.03332693104970688,0.03521121059244098,0.0370954901351751,0.0389797696779092,0.040864049220643295,0.04274832876337742,0.04463260830611154,0.04651688784884564,0.048401167391579736,0.05028544693431383,0.052169726477047956,0.05405400601978208,0.05593828556251618,0.0578225651052503,0.05970684464798437,0.061591124190718494,0.06347540373345256,0.06535968327618674,0.06724396281892087,0.06912824236165493,0.07101252190438906,0.07289680144712313,0.07478108098985725,0.07666536053259138,0.07854964007532544,0.08043391961805962,0.08231819916079369,0.08420247870352782,0.08608675824626194,0.08797103778899601,0.08985531733173013,0.0917395968744642,0.09362387641719833,0.09550815595993245,0.09739243550266652,0.0992767150454007,0.10116099458813477,0.10304527413086889
-0.15,0.006618538997400947,0.008502818540135071,0.010387098082869195,0.012271377625603264,0.014155657168337388,0.016039936711071512,0.017924216253805636,0.019808495796539705,0.02169277533927383,0.023577054882007925,0.02546133442474205,0.027345613967476118,0.029229893510210242,0.031114173052944366,0.03299845259567846,0.03488273213841259,0.03676701168114668,0.03865129122388078,0.0405355707666149,0.04241985030934903,0.044304129852083124,0.04618840939481722,0.04807268893755132,0.04995696848028544,0.051841248023019565,0.05372552756575366,0.055609807108487785,0.057494086651221854,0.05937836619395598,0.06126264573669005,0.06314692527942423,0.06503120482215835,0.06691548436489242,0.06879976390762654,0.07068404345036061,0.07256832299309474,0.07445260253582886,0.07633688207856293,0.07822116162129711,0.08010544116403118,0.0819897207067653,0.08387400024949943,0.0857582797922335,0.08764255933496762,0.08952683887770169,0.09141111842043581,0.09329539796316993,0.095179677505904,0.09706395704863818,0.09894823659137225,0.10083251613410638
-0.1,0.004407886832415053,0.006292166375149177,0.008176445917883246,0.01006072546061737,0.011945005003351494,0.013829284546085618,0.015713564088819743,0.01759784363155381,0.019482123174287935,0.02136640271702203,0.023250682259756156,0.025134961802490224,0.02701924134522435,0.028903520887958473,0.03078780043069257,0.03267207997342669,0.03455635951616079,0.036440639058894886,0.03832491860162901,0.040209198144363134,0.04209347768709723,0.04397775722983133,0.04586203677256542,0.04774631631529955,0.04963059585803367,0.05151487540076777,0.05339915494350189,0.05528343448623596,0.057167714028970085,0.05905199357170415,0.06093627311443833,0.06282055265717246,0.06470483219990653,0.06658911174264065,0.06847339128537472,0.07035767082810884,0.07224195037084297,0.07412622991357704,0.07601050945631121,0.07789478899904528,0.07977906854177941,0.08166334808451353,0.0835476276272476,0.08543190716998172,0.0873161867127158,0.08920046625544992,0.09108474579818404,0.09296902534091811,0.09485330488365229,0.09673758442638636,0.09862186396912048
-0.05,0.0022011273827086675,0.004085406925442792,0.005969686468176916,0.007853966010910984,0.009738245553645108,0.011622525096379233,0.013506804639113357,0.015391084181847425,0.01727536372458155,0.019159643267315646,0.02104392281004977,0.02292820235278384,0.024812481895517963,0.026696761438252087,0.028581040980986183,0.030465320523720307,0.032349600066454404,0.0342338796091885,0.036118159151922624,0.03800243869465675,0.039886718237390845,0.04177099778012494,0.04365527732285904,0.04553955686559316,0.047423836408327286,0.04930811595106138,0.051192395493795506,0.053076675036529575,0.0549609545792637,0.05684523412199777,0.05872951366473195,0.06061379320746607,0.06249807275020014,0.06438235229293426,0.06626663183566833,0.06815091137840246,0.07003519092113658,0.07191947046387065,0.07380375000660483,0.0756880295493389,0.07757230909207302,0.07945658863480715,0.08134086817754121,0.08322514772027534,0.08510942726300941,0.08699370680574353,0.08887798634847766,0.09076226589121172,0.0926465454339459,0.09453082497667997,0.0964151045194141
0.0,0.0,0.0018842795427341241,0.0037685590854681927,0.005652838628202317,0.007537118170936441,0.009421397713670565,0.01130567725640469,0.013189956799138758,0.015074236341872882,0.01695851588460698,0.018842795427341102,0.02072707497007517,0.022611354512809295,0.02449563405554342,0.026379913598277516,0.02826419314101164,0.030148472683745736,0.03203275222647983,0.03391703176921396,0.03580131131194808,0.03768559085468218,0.039569870397416274,0.04145414994015037,0.043338429482884494,0.04522270902561862,0.047106988568352715,0.04899126811108684,0.05087554765382091,0.05275982719655503,0.0546441067392891,0.05652838628202328,0.058412665824757404,0.06029694536749147,0.062181224910225597,0.06406550445295967,0.06594978399569379,0.06783406353842791,0.06971834308116198,0.07160262262389616,0.07348690216663023,0.07537118170936435,0.07725546125209848,0.07913974079483255,0.08102402033756667,0.08290829988030074,0.08479257942303486,0.08667685896576899,0.08856113850850306,0.09044541805123724,0.0923296975939713,0.09421397713670543
0.05,-0.002193808887210824,-0.0003095293444767,0.0015747501982573686,0.0034590297409914927,0.005343309283725617,0.007227588826459741,0.009111868369193865,0.010996147911927934,0.012880427454662058,0.014764706997396154,0.01664898654013028,0.018533266082864347,0.02041754562559847,0.022301825168332595,0.02418610471106669,0.026070384253800816,0.027954663796534912,0.02983894333926901,0.03172322288200313,0.03360750242473726,0.03549178196747135,0.03737606151020545,0.039260341052939546,0.04114462059567367,0.043028900138407794,0.04491317968114189,0.046797459223876015,0.04868173876661008,0.05056601830934421,0.052450297852078276,0.054334577394812456,0.05621885693754658,0.05810313648028065,0.05998741602301477,0.06187169556574884,0.06375597510848297,0.06564025465121709,0.06752453419395116,0.06940881373668534,0.0712930932794194,0.07317737282215353,0.07506165236488765,0.07694593190762172,0.07883021145035585,0.08071449099308992,0.08259877053582404,0.08448305007855816,0.08636732962129223,0.08825160916402641,0.09013588870676048,0.0920201682494946
0.1,-0.004378670167446752,-0.002494390624712628,-0.0006101110819785593,0.0012741684607555648,0.003158448003489689,0.005042727546223813,0.006927007088957937,0.008811286631692006,0.01069556617442613,0.012579845717160226,0.01446412525989435,0.01634840480262842,0.018232684345362543,0.020116963888096667,0.022001243430830764,0.023885522973564888,0.025769802516298984,0.02765408205903308,0.029538361601767205,0.03142264114450133,0.033306920687235425,0.03519120022996952,0.03707547977270362,0.03895975931543774,0.040844038858171866,0.04272831840090596,0.04461259794364009,0.046496877486374155,0.04838115702910828,0.05026543657184235,0.05214971611457653,0.05403399565731065,0.05591827520004472,0.057802554742778844,0.05968683428551291,0.06157111382824704,0.06345539337098116,0.06533967291371523,0.06722395245644941,0.06910823199918348,0.0709925115419176,0.07287679108465173,0.0747610706273858,0.07664535017011992,0.07852962971285399,0.08041390925558811,0.08229818879832224,0.0841824683410563,0.08606674788379048,0.08795102742652455,0.08983530696925868
0.15,-0.006553015504565218,-0.004668735961831094,-0.00278445641909697,-0.0009001768763629014,0.0009841026663712227,0.002868382209105347,0.004752661751839471,0.0066369412945735395,0.008521220837307664,0.01040550038004176,0.012289779922775884,0.014174059465509953,0.016058339008244077,0.0179426185509782,0.019826898093712297,0.02171117763644642,0.023595457179180518,0.025479736721914614,0.02736401626464874,0.029248295807382862,0.03113257535011696,0.033016854892851055,0.03490113443558515,0.036785413978319276,0.0386696935210534,0.040553973063787496,0.04243825260652162,0.04432253214925569,0.04620681169198981,0.04809109123472388,0.04997537077745806,0.051859650320192185,0.053743929862926254,0.05562820940566038,0.05751248894839445,0.05939676849112857,0.061281048033862695,0.06316532757659676,0.06504960711933094,0.06693388666206501,0.06881816620479914,0.07070244574753326,0.07258672529026733,0.07447100483300145,0.07635528437573552,0.07823956391846965,0.08012384346120377,0.08200812300393784,0.08389240254667202,0.08577668208940609,0.08766096163214021
0.2,-0.008715339948362155,-0.006831060405628031,-0.004946780862893907,-0.0030625013201598383,-0.0011782217774257142,0.0007060577653084099,0.002590337308042534,0.004474616850776603,0.006358896393510727,0.008243175936244823,0.010127455478978947,0.012011735021713016,0.01389601456444714,0.015780294107181264,0.01766457364991536,0.019548853192649485,0.02143313273538358,0.023317412278117677,0.0252016918208518,0.027085971363585926,0.028970250906320022,0.03085453044905412,0.032738809991788215,0.03462308953452234,0.03650736907725646,0.03839164861999056,0.04027592816272468,0.04216020770545875,0.044044487248192876,0.045928766790926945,0.047813046333661124,0.04969732587639525,0.05158160541912932,0.05346588496186344,0.05535016450459751,0.057234444047331634,0.05911872359006576,0.06100300313279983,0.062887282675534,0.06477156221826808,0.0666558417610022,0.06854012130373632,0.07042440084647039,0.07230868038920452,0.07419295993193858,0.07607723947467271,0.07796151901740683,0.0798457985601409,0.08173007810287508,0.08361435764560915,0.08549863718834327
0.25,-0.01086420380281744,-0.008979924260083316,-0.007095644717349248,-0.0052113651746151235,-0.0033270856318809994,-0.0014428060891468752,0.0004414734535872489,0.0023257529963213175,0.004210032539055442,0.006094312081789538,0.007978591624523662,0.00986287116725773,0.011747150709991855,0.013631430252725979,0.015515709795460075,0.0173999893381942,0.019284268880928296,0.021168548423662392,0.023052827966396516,0.02493710750913064,0.026821387051864737,0.028705666594598833,0.03058994613733293,0.032474225680067054,0.03435850522280118,0.036242784765535274,0.0381270643082694,0.04001134385100347,0.04189562339373759,0.04377990293647166,0.04566418247920584,0.04754846202193996,0.04943274156467403,0.051317021107408156,0.053201300650142225,0.05508558019287635,0.05696985973561047,0.05885413927834454,0.06073841882107872,0.06262269836381279,0.06450697790654691,0.06639125744928104,0.0682755369920151,0.07015981653474923,0.0720440960774833,0.07392837562021742,0.07581265516295155,0.07769693470568562,0.0795812142484198,0.08146549379115386,0.08334977333388799
0.3,-0.012998233866557574,-0.01111395432382345,-0.009229674781089325,-0.007345395238355257,-0.005461115695621133,-0.0035768361528870085,-0.0016925566101528844,0.00019172293258118422,0.0020760024753153083,0.003960282018049405,0.005844561560783529,0.0077288411035175975,0.009613120646251722,0.011497400188985846,0.013381679731719942,0.015265959274454066,0.017150238817188163,0.01903451835992226,0.020918797902656383,0.022803077445390507,0.024687356988124604,0.0265716365308587,0.028455916073592796,0.03034019561632692,0.032224475159061045,0.03410875470179514,0.035993034244529265,0.037877313787263334,0.03976159332999746,0.041645872872731526,0.043530152415465706,0.04541443195819983,0.0472987115009339,0.04918299104366802,0.05106727058640209,0.052951550129136216,0.05483582967187034,0.05672010921460441,0.05860438875733859,0.06048866830007266,0.06237294784280678,0.0642572273855409,0.06614150692827497,0.0680257864710091,0.06991006601374317,0.07179434555647729,0.07367862509921141,0.07556290464194548,0.07744718418467966,0.07933146372741373,0.08121574327014786
0.35,-0.015116124161387579,-0.013231844618653454,-0.01134756507591933,-0.009463285533185262,-0.0075790059904511375,-0.005694726447717013,-0.0038104469049828893,-0.0019261673622488207,-4.1887819514696556e-05,0.0018423917232193998,0.003726671265953524,0.0056109508086875926,0.007495230351421717,0.00937950989415584,0.011263789436889937,0.013148068979624061,0.015032348522358158,0.016916628065092254,0.018800907607826378,0.020685187150560502,0.0225694666932946,0.024453746236028695,0.02633802577876279,0.028222305321496916,0.03010658486423104,0.031990864406965136,0.03387514394969926,0.03575942349243333,0.03764370303516745,0.03952798257790152,0.0414122621206357,0.043296541663369825,0.045180821206103894,0.04706510074883802,0.04894938029157209,0.05083365983430621,0.052717939377040335,0.0546022189197744,0.05648649846250858,0.05837077800524265,0.060255057547976776,0.0621393370907109,0.06402361663344497,0.06590789617617909,0.06779217571891316,0.06967645526164729,0.07156073480438141,0.07344501434711548,0.07532929388984966,0.07721357343258373,0.07909785297531785
0.4,-0.017216636259039297,-0.015332356716305173,-0.013448077173571105,-0.01156379763083698,-0.009679518088102856,-0.007795238545368732,-0.005910959002634608,-0.0040266794599005395,-0.0021423999171664154,-0.00025812037443231906,0.001626159168301805,0.0035104387110358737,0.005394718253769998,0.007278997796504122,0.009163277339238218,0.011047556881972342,0.012931836424706439,0.014816115967440535,0.01670039551017466,0.018584675052908783,0.02046895459564288,0.022353234138376976,0.024237513681111073,0.026121793223845197,0.02800607276657932,0.029890352309313417,0.03177463185204754,0.03365891139478161,0.035543190937515734,0.0374274704802498,0.03931175002298398,0.041196029565718106,0.043080309108452175,0.0449645886511863,0.04684886819392037,0.04873314773665449,0.050617427279388616,0.052501706822122685,0.054385986364856864,0.05627026590759093,0.05815454545032506,0.06003882499305918,0.06192310453579325,0.06380738407852737,0.06569166362126144,0.06757594316399557,0.06946022270672969,0.07134450224946376,0.07322878179219794,0.07511306133493201,0.07699734087766613
0.45,-0.01929859930498068,-0.017414319762246555,-0.015530040219512486,-0.013645760676778362,-0.011761481134044238,-0.009877201591310114,-0.00799292204857599,-0.006108642505841921,-0.004224362963107797,-0.002340083420373701,-0.00045580387763957675,0.0014284756650944919,0.003312755207828616,0.00519703475056274,0.0070813142932968365,0.00896559383603096,0.010849873378765057,0.012734152921499153,0.014618432464233277,0.0165027120069674,0.018386991549701498,0.020271271092435594,0.02215555063516969,0.024039830177903815,0.02592410972063794,0.027808389263372035,0.02969266880610616,0.03157694834884023,0.03346122789157435,0.03534550743430842,0.0372297869770426,0.039114066519776725,0.04099834606251079,0.04288262560524492,0.044766905147978986,0.04665118469071311,0.048535464233447234,0.0504197437761813,0.05230402331891548,0.05418830286164955,0.056072582404383675,0.0579568619471178,0.05984114148985187,0.06172542103258599,0.06360970057532006,0.06549398011805418,0.06737825966078831,0.06926253920352238,0.07114681874625656,0.07303109828899063,0.07491537783172475
0.5,-0.021360909822846552,-0.019476630280112428,-0.017592350737378304,-0.015708071194644235,-0.013823791651910111,-0.011939512109175987,-0.010055232566441863,-0.008170953023707794,-0.00628667348097367,-0.004402393938239574,-0.0025181143955054497,-0.0006338348527713811,0.001250444689962743,0.003134724232696867,0.0050190037754309635,0.006903283318165088,0.008787562860899184,0.01067184240363328,0.012556121946367405,0.014440401489101529,0.016324681031835625,0.01820896057456972,0.020093240117303818,0.021977519660037942,0.023861799202772066,0.025746078745506162,0.027630358288240287,0.029514637830974355,0.03139891737370848,0.03328319691644255,0.03516747645917673,0.03705175600191085,0.03893603554464492,0.040820315087379044,0.04270459463011311,0.04458887417284724,0.04647315371558136,0.04835743325831543,0.05024171280104961,0.05212599234378368,0.0540102718865178,0.055894551429251926,0.057778830971985995,0.05966311051472012,0.06154739005745419,0.06343166960018831,0.06531594914292244,0.0672002286856565,0.06908450822839068,0.07096878777112475,0.07285306731385888
0.55,-0.023402531365502133,-0.02151825182276801,-0.019633972280033885,-0.017749692737299816,-0.015865413194565692,-0.013981133651831568,-0.012096854109097471,-0.010212574566363375,-0.00832829502362925,-0.006444015480895154,-0.00455973593816103,-0.0026754563954269617,-0.0007911768526928376,0.0010931026900412866,0.002977382232775383,0.004861661775509507,0.0067459413182436034,0.0086302208609777,0.010514500403711824,0.012398779946445948,0.014283059489180044,0.01616733903191414,0.018051618574648237,0.01993589811738236,0.021820177660116485,0.023704457202850582,0.025588736745584706,0.027473016288318775,0.0293572958310529,0.031241575373786967,0.03312585491652115,0.03501013445925527,0.03689441400198934,0.038778693544723464,0.04066297308745753,0.042547252630191656,0.04443153217292578,0.04631581171565985,0.04820009125839403,0.0500843708011281,0.05196865034386222,0.053852929886596346,0.055737209429330414,0.05762148897206454,0.05950576851479861,0.06139004805753273,0.06327432760026686,0.06515860714300092,0.0670428866857351,0.06892716622846917,0.0708114457712033
0.6,-0.025422494060558354,-0.02353821451782423,-0.02165393497509016,-0.019769655432356037,-0.017885375889621913,-0.01600109634688779,-0.014116816804153692,-0.012232537261419596,-0.010348257718685472,-0.008463978175951375,-0.006579698633217251,-0.004695419090483183,-0.0028111395477490586,-0.0009268600050149345,0.0009574195377191619,0.002841699080453286,0.004725978623187382,0.006610258165921479,0.008494537708655603,0.010378817251389727,0.012263096794123823,0.01414737633685792,0.016031655879592016,0.01791593542232614,0.019800214965060264,0.02168449450779436,0.023568774050528485,0.025453053593262553,0.027337333135996678,0.029221612678730746,0.031105892221464926,0.03299017176419905,0.03487445130693312,0.03675873084966724,0.03864301039240131,0.040527289935135435,0.04241156947786956,0.04429584902060363,0.04618012856333781,0.048064408106071876,0.049948687648806,0.051832967191540125,0.05371724673427419,0.05560152627700832,0.057485805819742386,0.05937008536247651,0.061254364905210634,0.0631386444479447,0.06502292399067888,0.06690720353341295,0.06879148307614708
0.65,-0.027419894080743523,-0.0255356145380094,-0.02365133499527533,-0.021767055452541206,-0.019882775909807082,-0.017998496367072958,-0.01611421682433886,-0.014229937281604765,-0.012345657738870641,-0.010461378196136545,-0.00857709865340242,-0.006692819110668352,-0.004808539567934228,-0.002924260025200104,-0.0010399804824660075,0.0008442990602681166,0.002728578603002213,0.004612858145736309,0.0064971376884704335,0.008381417231204558,0.010265696773938654,0.01214997631667275,0.014034255859406847,0.01591853540214097,0.017802814944875095,0.01968709448760919,0.021571374030343315,0.023455653573077384,0.025339933115811508,0.027224212658545577,0.029108492201279756,0.03099277174401388,0.03287705128674795,0.03476133082948207,0.03664561037221614,0.038529889914950266,0.04041416945768439,0.04229844900041846,0.04418272854315264,0.04606700808588671,0.04795128762862083,0.049835567171354955,0.051719846714089024,0.05360412625682315,0.05548840579955722,0.05737268534229134,0.059256964885025465,0.061141244427759533,0.06302552397049371,0.06490980351322778,0.0667940830559619
0.7,-0.02939389305404333,-0.027509613511309206,-0.025625333968575137,-0.023741054425841013,-0.02185677488310689,-0.019972495340372765,-0.018088215797638668,-0.016203936254904572,-0.014319656712170448,-0.012435377169436351,-0.010551097626702227,-0.008666818083968159,-0.0067825385412340344,-0.00489825899849991,-0.003013979455765814,-0.0011296999130316898,0.0007545796297024066,0.002638859172436503,0.004523138715170627,0.006407418257904751,0.008291697800638848,0.010175977343372944,0.01206025688610704,0.013944536428841164,0.01582881597157529,0.017713095514309385,0.01959737505704351,0.021481654599777578,0.023365934142511702,0.02525021368524577,0.02713449322797995,0.029018772770714074,0.030903052313448143,0.03278733185618227,0.034671611398916335,0.03655589094165046,0.038440170484384584,0.04032445002711865,0.04220872956985283,0.0440930091125869,0.045977288655321025,0.04786156819805515,0.04974584774078922,0.05163012728352334,0.05351440682625741,0.055398686368991534,0.05728296591172566,0.05916724545445973,0.06105152499719391,0.06293580453992798,0.0648200840826621
0.75,-0.03134371741573516,-0.029459437873001038,-0.027575158330266913,-0.025690878787532845,-0.02380659924479872,-0.021922319702064597,-0.0200380401593305,-0.018153760616596404,-0.01626948107386228,-0.014385201531128183,-0.01250092198839406,-0.01061664244565999,-0.008732362902925866,-0.006848083360191742,-0.004963803817457646,-0.003079524274723522,-0.0011952447319894255,0.0006890348107446709,0.002573314353478795,0.004457593896212919,0.0063418734389470155,0.008226152981681112,0.010110432524415208,0.011994712067149332,0.013878991609883456,0.015763271152617553,0.017647550695351677,0.019531830238085746,0.02141610978081987,0.02330038932355394,0.025184668866288118,0.027068948409022242,0.02895322795175631,0.030837507494490435,0.0327217870372245,0.03460606657995863,0.03649034612269275,0.03837462566542682,0.040258905208161,0.04214318475089507,0.04402746429362919,0.04591174383636332,0.047796023379097385,0.04968030292183151,0.05156458246456558,0.0534488620072997,0.055333141550033826,0.057217421092767895,0.059101700635502075,0.06098598017823614,0.06287025972097027
0.8,-0.03326865769481652,-0.03138437815208239,-0.029500098609348324,-0.0276158190666142,-0.025731539523880076,-0.023847259981145952,-0.021962980438411855,-0.02007870089567776,-0.018194421352943635,-0.01631014181020954,-0.014425862267475414,-0.012541582724741346,-0.010657303182007222,-0.008773023639273098,-0.006888744096539001,-0.005004464553804877,-0.0031201850110707807,-0.0012359054683366844,0.0006483740743974398,0.002532653617131564,0.00441693315986566,0.006301212702599757,0.008185492245333853,0.010069771788067977,0.011954051330802101,0.013838330873536198,0.015722610416270322,0.01760688995900439,0.019491169501738514,0.021375449044472583,0.023259728587206763,0.025144008129940887,0.027028287672674955,0.02891256721540908,0.030796846758143148,0.03268112630087727,0.034565405843611396,0.036449685386345465,0.038333964929079645,0.04021824447181371,0.04210252401454784,0.04398680355728196,0.04587108310001603,0.047755362642750154,0.04963964218548422,0.05152392172821835,0.05340820127095247,0.05529248081368654,0.05717676035642072,0.05906103989915479,0.06094531944188891
0.85,-0.03516806772097708,-0.03328378817824296,-0.03139950863550889,-0.029515229092774764,-0.02763094955004064,-0.025746670007306516,-0.02386239046457242,-0.021978110921838323,-0.0200938313791042,-0.018209551836370103,-0.01632527229363598,-0.01444099275090191,-0.012556713208167786,-0.010672433665433662,-0.008788154122699565,-0.006903874579965441,-0.005019595037231345,-0.0031353154944972483,-0.0012510359517631242,0.0006332435909709999,0.0025175231337050963,0.004401802676439193,0.006286082219173289,0.008170361761907413,0.010054641304641537,0.011938920847375634,0.013823200390109758,0.015707479932843826,0.01759175947557795,0.01947603901831202,0.0213603185610462,0.023244598103780323,0.02512887764651439,0.027013157189248516,0.028897436731982584,0.03078171627471671,0.03266599581745083,0.0345502753601849,0.03643455490291908,0.03831883444565315,0.04020311398838727,0.0420873935311214,0.043971673073855466,0.04585595261658959,0.04774023215932366,0.04962451170205778,0.05150879124479191,0.053393070787525976,0.055277350330260155,0.057161629872994224,0.05904590941572835
0.9,-0.037041363735040134,-0.03515708419230601,-0.033272804649571885,-0.03138852510683782,-0.029504245564103693,-0.02761996602136957,-0.025735686478635472,-0.023851406935901376,-0.02196712739316725,-0.020082847850433155,-0.01819856830769903,-0.016314288764964963,-0.014430009222230838,-0.012545729679496714,-0.010661450136762618,-0.008777170594028494,-0.0068928910512943975,-0.005008611508560301,-0.003124331965826177,-0.0012400524230920529,0.0006442271196420435,0.00252850666237614,0.004412786205110236,0.00629706574784436,0.008181345290578484,0.01006562483331258,0.011949904376046705,0.013834183918780774,0.015718463461514898,0.017602743004248966,0.019487022546983146,0.02137130208971727,0.02325558163245134,0.025139861175185463,0.02702414071791953,0.028908420260653656,0.03079269980338778,0.03267697934612185,0.03456125888885603,0.0364455384315901,0.03832981797432422,0.040214097517058345,0.04209837705979241,0.04398265660252654,0.045866936145260606,0.04775121568799473,0.049635495230728854,0.05151977477346292,0.0534040543161971,0.05528833385893117,0.057172613401665295
0.95,-0.03888802338532832,-0.037003743842594194,-0.035119464299860126,-0.033235184757126,-0.03135090521439188,-0.029466625671657753,-0.027582346128923657,-0.02569806658618956,-0.023813787043455437,-0.02192950750072134,-0.020045227957987216,-0.018160948415253148,-0.016276668872519023,-0.0143923893297849,-0.012508109787050803,-0.010623830244316679,-0.008739550701582582,-0.006855271158848486,-0.004970991616114362,-0.003086712073380238,-0.0012024325306461414,0.000681847012087955,0.0025661265548220513,0.0044504060975561754,0.0063346856402903,0.008218965183024396,0.01010324472575852,0.011987524268492589,0.013871803811226713,0.01575608335396078,0.01764036289669496,0.019524642439429085,0.021408921982163154,0.023293201524897278,0.025177481067631347,0.02706176061036547,0.028946040153099595,0.030830319695833663,0.03271459923856784,0.03459887878130191,0.036483158324036036,0.03836743786677016,0.04025171740950423,0.04213599695223835,0.04402027649497242,0.045904556037706545,0.04778883558044067,0.04967311512317474,0.05155739466590892,0.053441674208642986,0.05532595375137711
1.0,-0.04070758459418855,-0.038823305051454426,-0.03693902550872036,-0.035054745965986234,-0.03317046642325211,-0.031286186880517985,-0.02940190733778389,-0.027517627795049793,-0.02563334825231567,-0.023749068709581572,-0.021864789166847448,-0.01998050962411338,-0.018096230081379255,-0.01621195053864513,-0.014327670995911035,-0.01244339145317691,-0.010559111910442814,-0.008674832367708718,-0.006790552824974594,-0.00490627328224047,-0.0030219937395063734,-0.001137714196772277,0.0007465653459618193,0.0026308448886959435,0.004515124431430068,0.006399403974164164,0.008283683516898288,0.010167963059632357,0.01205224260236648,0.01393652214510055,0.01582080168783473,0.017705081230568853,0.019589360773302922,0.021473640316037046,0.023357919858771115,0.02524219940150524,0.027126478944239363,0.02901075848697343,0.03089503802970761,0.03277931757244168,0.034663597115175804,0.03654787665790993,0.038432156200643997,0.04031643574337812,0.04220071528611219,0.04408499482884631,0.04596927437158044,0.047853553914314506,0.049737833457048686,0.051622112999782754,0.05350639254251688
1.05,-0.04249964428235803,-0.040615364739623905,-0.038731085196889836,-0.03684680565415571,-0.03496252611142159,-0.033078246568687464,-0.031193967025953367,-0.02930968748321927,-0.027425407940485147,-0.02554112839775105,-0.023656848855016926,-0.021772569312282858,-0.019888289769548734,-0.01800401022681461,-0.016119730684080513,-0.014235451141346389,-0.012351171598612293,-0.010466892055878196,-0.008582612513144072,-0.006698332970409948,-0.004814053427675852,-0.0029297738849417554,-0.001045494342207659,0.0008387852005264651,0.0027230647432605892,0.004607344285994686,0.00649162382872881,0.008375903371462878,0.010260182914197002,0.012144462456931071,0.01402874199966525,0.015913021542399375,0.017797301085133443,0.019681580627867568,0.021565860170601636,0.02345013971333576,0.025334419256069884,0.027218698798803953,0.029102978341538133,0.0309872578842722,0.032871537427006325,0.03475581696974045,0.03664009651247452,0.03852437605520864,0.04040865559794271,0.042292935140676835,0.04417721468341096,0.04606149422614503,0.04794577376887921,0.049830053311613276,0.0517143328543474
1.1,-0.04426385694338336,-0.04237957740064924,-0.040495297857915113,-0.038611018315181045,-0.03672673877244692,-0.0348424592297128,-0.0329581796869787,-0.031073900144244604,-0.02918962060151048,-0.027305341058776383,-0.02542106151604226,-0.02353678197330819,-0.021652502430574067,-0.019768222887839942,-0.017883943345105846,-0.015999663802371722,-0.014115384259637626,-0.01223110471690353,-0.010346825174169405,-0.008462545631435281,-0.0065782660887011846,-0.004693986545967088,-0.002809707003232992,-0.0009254274604988677,0.0009588520822352564,0.002843131624969353,0.004727411167703477,0.0066116907104375455,0.00849597025317167,0.010380249795905738,0.012264529338639918,0.014148808881374042,0.01603308842410811,0.017917367966842235,0.019801647509576303,0.021685927052310427,0.02357020659504455,0.02545448613777862,0.0273387656805128,0.02922304522324687,0.031107324765980993,0.03299160430871512,0.034875883851449185,0.03676016339418331,0.03864444293691738,0.0405287224796515,0.042413002022385626,0.044297281565119695,0.046181561107853875,0.04806584065058794,0.04995012019332207
1.15,-0.04599993306536776,-0.044115653522633635,-0.04223137397989957,-0.04034709443716544,-0.03846281489443132,-0.036578535351697194,-0.0346942558089631,-0.032809976266229,-0.030925696723494878,-0.02904141718076078,-0.027157137638026657,-0.02527285809529259,-0.023388578552558464,-0.02150429900982434,-0.019620019467090244,-0.01773573992435612,-0.015851460381622023,-0.013967180838887927,-0.012082901296153803,-0.010198621753419679,-0.008314342210685582,-0.006430062667951486,-0.00454578312521739,-0.0026615035824832656,-0.0007772240397491414,0.001107055502984955,0.002991335045719079,0.004875614588453148,0.006759894131187272,0.00864417367392134,0.01052845321665552,0.012412732759389644,0.014297012302123713,0.016181291844857837,0.018065571387591906,0.01994985093032603,0.021834130473060154,0.023718410015794222,0.025602689558528402,0.02748696910126247,0.029371248643996595,0.03125552818673072,0.03313980772946479,0.03502408727219891,0.03690836681493298,0.038792646357667104,0.04067692590040123,0.0425612054431353,0.04444548498586948,0.046329764528603545,0.04821404407133767
1.2,-0.047707637402440384,-0.04582335785970626,-0.04393907831697219,-0.04205479877423807,-0.04017051923150394,-0.03828623968876982,-0.03640196014603572,-0.034517680603301626,-0.0326334010605675,-0.030749121517833405,-0.02886484197509928,-0.026980562432365213,-0.02509628288963109,-0.023212003346896964,-0.021327723804162868,-0.019443444261428744,-0.017559164718694648,-0.01567488517596055,-0.013790605633226427,-0.011906326090492303,-0.010022046547758207,-0.00813776700502411,-0.006253487462290014,-0.00436920791955589,-0.0024849283768217656,-0.0006006488340876692,0.001283630708646455,0.0031679102513805235,0.005052189794114648,0.006936469336848716,0.008820748879582896,0.01070502842231702,0.012589307965051089,0.014473587507785213,0.01635786705051928,0.018242146593253405,0.02012642613598753,0.022010705678721598,0.023894985221455778,0.025779264764189846,0.02766354430692397,0.029547823849658095,0.03143210339239216,0.03331638293512629,0.035200662477860356,0.03708494202059448,0.038969221563328604,0.04085350110606267,0.04273778064879685,0.04462206019153092,0.046506339734265045
1.25,-0.04938678710314853,-0.04750250756041441,-0.045618228017680285,-0.043733948474946216,-0.04184966893221209,-0.03996538938947797,-0.03808110984674387,-0.036196830304009775,-0.03431255076127565,-0.032428271218541554,-0.03054399167580743,-0.028659712133073362,-0.026775432590339238,-0.024891153047605113,-0.023006873504871017,-0.021122593962136893,-0.019238314419402797,-0.0173540348766687,-0.015469755333934576,-0.013585475791200452,-0.011701196248466356,-0.00981691670573226,-0.007932637162998163,-0.006048357620264039,-0.004164078077529915,-0.0022797985347958183,-0.00039551899206169416,0.0014887605506723744,0.0033730400934064986,0.005257319636140567,0.007141599178874747,0.009025878721608871,0.01091015826434294,0.012794437807077064,0.014678717349811132,0.016562996892545256,0.01844727643527938,0.02033155597801345,0.02221583552074763,0.024100115063481697,0.02598439460621582,0.027868674148949946,0.029752953691684014,0.03163723323441814,0.03352151277715221,0.03540579231988633,0.037290071862620455,0.039174351405354524,0.041058630948088704,0.04294291049082277,0.044827190033556896
1.3,-0.051037249707177657,-0.04915297016444353,-0.04726869062170941,-0.04538441107897534,-0.043500131536241216,-0.04161585199350709,-0.039731572450772995,-0.0378472929080389,-0.035963013365304775,-0.03407873382257068,-0.032194454279836554,-0.030310174737102485,-0.02842589519436836,-0.026541615651634237,-0.02465733610890014,-0.022773056566166017,-0.02088877702343192,-0.019004497480697824,-0.0171202179379637,-0.015235938395229576,-0.01335165885249548,-0.011467379309761383,-0.009583099767027287,-0.0076988202242931625,-0.005814540681559038,-0.003930261138824942,-0.002045981596090818,-0.00016170205335674925,0.0017225774893773749,0.0036068570321114435,0.005491136574845623,0.007375416117579747,0.009259695660313816,0.01114397520304794,0.013028254745782009,0.014912534288516133,0.016796813831250257,0.018681093373984325,0.020565372916718505,0.022449652459452574,0.024333932002186698,0.026218211544920822,0.02810249108765489,0.029986770630389015,0.03187105017312308,0.03375532971585721,0.03563960925859133,0.0375238888013254,0.03940816834405958,0.04129244788679365,0.04317672742952777
1.35,-0.052658941025250317,-0.05077466148251619,-0.048890381939782124,-0.047006102397048,-0.045121822854313876,-0.04323754331157975,-0.041353263768845655,-0.03946898422611156,-0.037584704683377435,-0.03570042514064334,-0.033816145597909214,-0.031931866055175145,-0.03004758651244102,-0.028163306969706897,-0.0262790274269728,-0.024394747884238677,-0.02251046834150458,-0.020626188798770484,-0.01874190925603636,-0.016857629713302236,-0.01497335017056814,-0.013089070627834043,-0.011204791085099947,-0.009320511542365822,-0.007436231999631698,-0.005551952456897602,-0.003667672914163478,-0.0017833933714294092,0.00010088617130471489,0.0019851657140387835,0.003869445256772963,0.005753724799507087,0.007638004342241156,0.00952228388497528,0.011406563427709349,0.013290842970443473,0.015175122513177597,0.017059402055911665,0.018943681598645845,0.020827961141379914,0.022712240684114038,0.024596520226848162,0.02648079976958223,0.028365079312316355,0.030249358855050423,0.03213363839778455,0.03401791794051867,0.03590219748325274,0.03778647702598692,0.03967075656872099,0.04155503611145511
1.4,-0.05425182291963854,-0.05236754337690441,-0.050483263834170344,-0.04859898429143622,-0.046714704748702096,-0.04483042520596797,-0.042946145663233876,-0.04106186612049978,-0.039177586577765655,-0.03729330703503156,-0.035409027492297435,-0.033524747949563366,-0.03164046840682924,-0.029756188864095118,-0.02787190932136102,-0.025987629778626897,-0.0241033502358928,-0.022219070693158705,-0.02033479115042458,-0.018450511607690456,-0.01656623206495636,-0.014681952522222264,-0.012797672979488167,-0.010913393436754043,-0.009029113894019919,-0.0071448343512858226,-0.0052605548085516984,-0.00337627526581763,-0.0014919957230835057,0.0003922838196505629,0.0022765633623847426,0.004160842905118867,0.006045122447852935,0.00792940199058706,0.009813681533321128,0.011697961076055252,0.013582240618789376,0.015466520161523445,0.017350799704257625,0.019235079246991693,0.021119358789725817,0.02300363833245994,0.02488791787519401,0.026772197417928134,0.028656476960662203,0.030540756503396327,0.03242503604613045,0.03430931558886452,0.0361935951315987,0.03807787467433277,0.03996215421706689
1.45,-0.05581590100444622,-0.0539316214617121,-0.052047341918977974,-0.050163062376243905,-0.04827878283350978,-0.04639450329077566,-0.04451022374804156,-0.042625944205307464,-0.04074166466257334,-0.038857385119839244,-0.03697310557710512,-0.03508882603437105,-0.03320454649163693,-0.0313202669489028,-0.029435987406168707,-0.027551707863434582,-0.025667428320700486,-0.02378314877796639,-0.021898869235232266,-0.02001458969249814,-0.018130310149764045,-0.01624603060702995,-0.014361751064295852,-0.012477471521561728,-0.010593191978827604,-0.008708912436093508,-0.006824632893359384,-0.004940353350625315,-0.003056073807891191,-0.0011717942651571223,0.0007124852775770574,0.0025967648203111815,0.00448104436304525,0.006365323905779374,0.008249603448513443,0.010133882991247567,0.012018162533981691,0.01390244207671576,0.01578672161944994,0.017671001162184008,0.019555280704918132,0.021439560247652256,0.023323839790386325,0.02520811933312045,0.027092398875854518,0.02897667841858864,0.030860957961322766,0.032745237504056834,0.034629517046791014,0.03651379658952508,0.03839807613225921
1.5,-0.05735122228572104,-0.05546694274298691,-0.05358266320025279,-0.05169838365751872,-0.049814104114784596,-0.04792982457205047,-0.046045545029316376,-0.04416126548658228,-0.042276985943848155,-0.04039270640111406,-0.038508426858379935,-0.036624147315645866,-0.03473986777291174,-0.03285558823017762,-0.03097130868744352,-0.029087029144709398,-0.0272027496019753,-0.025318470059241205,-0.02343419051650708,-0.021549910973772957,-0.01966563143103886,-0.017781351888304764,-0.015897072345570668,-0.014012792802836543,-0.01212851326010242,-0.010244233717368323,-0.008359954174634199,-0.00647567463190013,-0.004591395089166006,-0.0027071155464319374,-0.0008228360036977578,0.0010614435390363663,0.002945723081770435,0.004830002624504559,0.006714282167238628,0.008598561709972752,0.010482841252706876,0.012367120795440945,0.014251400338175124,0.016135679880909193,0.018019959423643317,0.01990423896637744,0.02178851850911151,0.023672798051845634,0.025557077594579702,0.027441357137313827,0.02932563668004795,0.03120991622278202,0.0330941957655162,0.03497847530825027,0.03686275485098439
1.55,-0.05885787276161919,-0.056973593218885066,-0.055089313676151,-0.05320503413341687,-0.05132075459068275,-0.049436475047948625,-0.04755219550521453,-0.04566791596248043,-0.04378363641974631,-0.04189935687701221,-0.04001507733427809,-0.03813079779154402,-0.036246518248809895,-0.03436223870607577,-0.032477959163341674,-0.03059367962060755,-0.028709400077873454,-0.026825120535139357,-0.024940840992405233,-0.02305656144967111,-0.021172281906937013,-0.019288002364202916,-0.01740372282146882,-0.015519443278734696,-0.013635163736000572,-0.011750884193266475,-0.009866604650532351,-0.007982325107798283,-0.0060980455650641585,-0.00421376602233009,-0.0023294864795959103,-0.00044520693686178614,0.0014390726058722825,0.0033233521486064066,0.005207631691340475,0.007091911234074599,0.008976190776808723,0.010860470319542792,0.012744749862276972,0.01462902940501104,0.016513308947745164,0.01839758849047929,0.020281868033213357,0.02216614757594748,0.02405042711868155,0.025934706661415674,0.027818986204149798,0.029703265746883867,0.031587545289618046,0.033471824832352115,0.03535610437508624
1.6,-0.060335975002393294,-0.05845169545965917,-0.056567415916925046,-0.05468313637419098,-0.05279885683145685,-0.05091457728872273,-0.04903029774598863,-0.047146018203254536,-0.04526173866052041,-0.043377459117786316,-0.04149317957505219,-0.03960890003231812,-0.037724620489584,-0.035840340946849875,-0.03395606140411578,-0.032071781861381654,-0.030187502318647558,-0.02830322277591346,-0.026418943233179337,-0.024534663690445213,-0.022650384147711117,-0.02076610460497702,-0.018881825062242924,-0.0169975455195088,-0.015113265976774676,-0.01322898643404058,-0.011344706891306455,-0.009460427348572387,-0.0075761478058382625,-0.005691868263104194,-0.0038075887203700143,-0.0019233091776358902,-3.902963490182154e-05,0.0018452499078323026,0.003729529450566371,0.005613808993300495,0.0074980885360346194,0.009382368078768688,0.011266647621502868,0.013150927164236936,0.01503520670697106,0.016919486249705185,0.018803765792439253,0.020688045335173377,0.022572324877907446,0.02445660442064157,0.026340883963375694,0.028225163506109763,0.030109443048843942,0.03199372259157801,0.033878002134312135
1.65,-0.06178568572900245,-0.059901406186268324,-0.0580171266435342,-0.05613284710080013,-0.05424856755806601,-0.052364288015331883,-0.05048000847259779,-0.04859572892986369,-0.04671144938712957,-0.04482716984439547,-0.042942890301661346,-0.04105861075892728,-0.03917433121619315,-0.03729005167345903,-0.03540577213072493,-0.03352149258799081,-0.03163721304525671,-0.029752933502522616,-0.027868653959788492,-0.025984374417054368,-0.02410009487432027,-0.022215815331586175,-0.02033153578885208,-0.018447256246117955,-0.01656297670338383,-0.014678697160649734,-0.01279441761791561,-0.010910138075181541,-0.009025858532447417,-0.007141578989713349,-0.005257299446979169,-0.003373019904245045,-0.0014887403615109762,0.0003955391812231479,0.0022798187239572165,0.004164098266691341,0.006048377809425465,0.007932657352159533,0.009816936894893713,0.011701216437627782,0.013585495980361906,0.01546977552309603,0.0173540550658301,0.019238334608564223,0.02112261415129829,0.023006893694032415,0.02489117323676654,0.026775452779500608,0.028659732322234788,0.030544011864968856,0.03242829140770298
1.7,-0.06320719340780245,-0.06132291386506833,-0.05943863432233426,-0.057554354779600136,-0.05567007523686601,-0.05378579569413189,-0.05190151615139779,-0.050017236608663695,-0.04813295706592957,-0.046248677523195475,-0.04436439798046135,-0.04248011843772728,-0.04059583889499316,-0.038711559352259034,-0.03682727980952494,-0.034943000266790814,-0.03305872072405672,-0.03117444118132262,-0.029290161638588497,-0.027405882095854373,-0.025521602553120276,-0.02363732301038618,-0.021753043467652083,-0.01986876392491796,-0.017984484382183835,-0.01610020483944974,-0.014215925296715615,-0.012331645753981546,-0.010447366211247422,-0.008563086668513353,-0.006678807125779174,-0.0047945275830450496,-0.002910248040310981,-0.0010259684975768568,0.0008583110451572118,0.002742590587891336,0.00462687013062546,0.006511149673359529,0.008395429216093708,0.010279708758827777,0.012163988301561901,0.014048267844296025,0.015932547387030094,0.017816826929764218,0.019701106472498287,0.02158538601523241,0.023469665557966535,0.025353945100700603,0.027238224643434783,0.02912250418616885,0.031006783728902976
1.75,-0.0646007158771516,-0.06271643633441748,-0.06083215679168341,-0.05894787724894929,-0.05706359770621516,-0.05517931816348104,-0.05329503862074694,-0.051410759078012847,-0.04952647953527872,-0.047642199992544626,-0.0457579204498105,-0.04387364090707643,-0.04198936136434231,-0.040105081821608185,-0.03822080227887409,-0.036336522736139965,-0.03445224319340587,-0.03256796365067177,-0.030683684107937648,-0.028799404565203524,-0.026915125022469427,-0.02503084547973533,-0.023146565937001234,-0.02126228639426711,-0.019378006851532986,-0.01749372730879889,-0.015609447766064766,-0.013725168223330697,-0.011840888680596573,-0.009956609137862504,-0.008072329595128325,-0.006188050052394201,-0.004303770509660132,-0.002419490966926008,-0.0005352114241919392,0.0013490681185421849,0.003233347661276309,0.005117627204010378,0.007001906746744557,0.008886186289478626,0.01077046583221275,0.012654745374946874,0.014539024917680943,0.016423304460415067,0.018307584003149135,0.02019186354588326,0.022076143088617384,0.023960422631351452,0.025844702174085632,0.0277289817168197,0.029613261259553825
1.8,-0.06596649801997695,-0.06408221847724282,-0.0621979389345087,-0.06031365939177463,-0.05842937984904051,-0.056545100306306384,-0.05466082076357229,-0.05277654122083819,-0.05089226167810407,-0.04900798213537,-0.04712370259263585,-0.04523942304990178,-0.043355143507167654,-0.04147086396443353,-0.03958658442169943,-0.03770230487896531,-0.03581802533623121,-0.033933745793497117,-0.03204946625076299,-0.030165186708028868,-0.028280907165294772,-0.026396627622560676,-0.02451234807982658,-0.022628068537092455,-0.02074378899435833,-0.018859509451624235,-0.01697522990889011,-0.015090950366156042,-0.013206670823421918,-0.011322391280687849,-0.00943811173795367,-0.007553832195219545,-0.005669552652485477,-0.0037852731097513526,-0.001900993567017284,-1.6714024283159823e-05,0.0018675655184509643,0.003751845061185033,0.0056361246039192126,0.007520404146653281,0.009404683689387405,0.01128896323212153,0.013173242774855598,0.015057522317589722,0.01694180186032379,0.018826081403057915,0.02071036094579204,0.022594640488526108,0.024478920031260287,0.026363199573994356,0.02824747911672848
1.85,-0.06730480949448336,-0.06542052995174924,-0.06353625040901512,-0.06165197086628105,-0.05976769132354692,-0.0578834117808128,-0.0559991322380787,-0.054114852695344606,-0.05223057315261048,-0.05034629360987636,-0.04846201406714226,-0.04657773452440819,-0.04469345498167407,-0.042809175438939945,-0.04092489589620585,-0.039040616353471724,-0.03715633681073763,-0.03527205726800353,-0.03338777772526941,-0.03150349818253528,-0.029619218639801187,-0.02773493909706709,-0.025850659554332994,-0.02396638001159887,-0.022082100468864746,-0.02019782092613065,-0.018313541383396525,-0.016429261840662457,-0.014544982297928333,-0.012660702755194264,-0.010776423212460084,-0.00889214366972596,-0.007007864126991892,-0.005123584584257768,-0.003239305041523699,-0.001355025498789575,0.0005292540439445492,0.002413533586678618,0.0042978131294127975,0.006182092672146866,0.00806637221488099,0.009950651757615114,0.011834931300349183,0.013719210843083307,0.015603490385817376,0.0174877699285515,0.019372049471285624,0.021256329014019693,0.023140608556753872,0.02502488809948794,0.026909167642222065
1.9,-0.06861594253330067,-0.06673166299056654,-0.06484738344783242,-0.06296310390509835,-0.061078824362364226,-0.0591945448196301,-0.057310265276896005,-0.05542598573416191,-0.053541706191427785,-0.051657426648693716,-0.049773147105959564,-0.047888867563225496,-0.04600458802049137,-0.04412030847775725,-0.04223602893502315,-0.04035174939228903,-0.03846746984955493,-0.036583190306820834,-0.03469891076408671,-0.032814631221352586,-0.03093035167861849,-0.029046072135884393,-0.027161792593150297,-0.025277513050416173,-0.02339323350768205,-0.021508953964947952,-0.019624674422213828,-0.01774039487947976,-0.015856115336745635,-0.013971835794011567,-0.012087556251277387,-0.010203276708543263,-0.008318997165809194,-0.00643471762307507,-0.004550438080341002,-0.0026661585376068775,-0.0007818789948727534,0.0011024005478613152,0.002986680090595495,0.0048709596333295635,0.006755239176063688,0.008639518718797812,0.01052379826153188,0.012408077804266004,0.014292357347000073,0.016176636889734197,0.01806091643246832,0.01994519597520239,0.02182947551793657,0.023713755060670638,0.025598034603404762
1.95,-0.06990020981954004,-0.06801593027680591,-0.06613165073407179,-0.06424737119133772,-0.0623630916486036,-0.06047881210586947,-0.058594532563135376,-0.05671025302040128,-0.054825973477667156,-0.05294169393493303,-0.051057414392198935,-0.04917313484946487,-0.04728885530673074,-0.04540457576399662,-0.04352029622126252,-0.0416360166785284,-0.0397517371357943,-0.037867457593060205,-0.03598317805032608,-0.03409889850759196,-0.03221461896485786,-0.030330339422123764,-0.028446059879389668,-0.026561780336655544,-0.02467750079392142,-0.022793221251187323,-0.0209089417084532,-0.01902466216571913,-0.017140382622985006,-0.015256103080250938,-0.013371823537516758,-0.011487543994782634,-0.009603264452048565,-0.007718984909314441,-0.005834705366580373,-0.003950425823846249,-0.0020661462811121245,-0.0001818667383780559,0.0017024128043561237,0.0035866923470901924,0.0054709718898243165,0.007355251432558441,0.00923953097529251,0.011123810518026633,0.013008090060760702,0.014892369603494826,0.01677664914622895,0.01866092868896302,0.0205452082316972,0.022429487774431267,0.02431376731716539
2.0,-0.07115794244648332,-0.0692736629037492,-0.06738938336101513,-0.06550510381828101,-0.06362082427554688,-0.06173654473281276,-0.05985226519007866,-0.057967985647344566,-0.05608370610461044,-0.054199426561876374,-0.05231514701914222,-0.05043086747640815,-0.04854658793367403,-0.046662308390939905,-0.04477802884820581,-0.042893749305471685,-0.04100946976273759,-0.03912519022000349,-0.03724091067726937,-0.035356631134535244,-0.03347235159180115,-0.03158807204906705,-0.029703792506332954,-0.02781951296359883,-0.025935233420864706,-0.02405095387813061,-0.022166674335396486,-0.020282394792662417,-0.018398115249928293,-0.016513835707194224,-0.014629556164460045,-0.01274527662172592,-0.010860997078991852,-0.008976717536257728,-0.007092437993523659,-0.005208158450789535,-0.003323878908055411,-0.0014395993653213424,0.0004446801774128373,0.002328959720146906,0.00421323926288103,0.006097518805615154,0.007981798348349223,0.009866077891083347,0.011750357433817415,0.01363463697655154,0.015518916519285664,0.017403196062019732,0.019287475604753912,0.02117175514748798,0.023056034690222105
2.05,-0.0723894879660148,-0.07050520842328067,-0.06862092888054655,-0.06673664933781248,-0.06485236979507836,-0.06296809025234423,-0.06108381070961014,-0.05919953116687604,-0.057315251624141916,-0.05543097208140785,-0.053546692538673696,-0.05166241299593963,-0.0497781334532055,-0.04789385391047138,-0.04600957436773728,-0.04412529482500316,-0.04224101528226906,-0.040356735739534966,-0.03847245619680084,-0.03658817665406672,-0.03470389711133262,-0.032819617568598525,-0.03093533802586443,-0.029051058483130304,-0.02716677894039618,-0.025282499397662084,-0.02339821985492796,-0.02151394031219389,-0.019629660769459767,-0.0177453812267257,-0.01586110168399152,-0.013976822141257395,-0.012092542598523326,-0.010208263055789202,-0.008323983513055133,-0.006439703970321009,-0.004555424427586885,-0.0026711448848528163,-0.0007868653421186367,0.001097414200615432,0.002981693743349556,0.00486597328608368,0.006750252828817749,0.008634532371551873,0.010518811914285942,0.012403091457020066,0.01428737099975419,0.01617165054248826,0.018055930085222438,0.019940209627956507,0.02182448917069063
2.1,-0.07359520852941637,-0.07171092898668224,-0.06982664944394817,-0.06794236990121405,-0.06605809035847993,-0.0641738108157458,-0.062289531273011706,-0.06040525173027761,-0.058520972187543485,-0.05663669264480942,-0.054752413102075265,-0.052868133559341196,-0.05098385401660707,-0.04909957447387295,-0.04721529493113885,-0.04533101538840473,-0.04344673584567063,-0.041562456302936535,-0.03967817676020241,-0.037793897217468286,-0.03590961767473419,-0.034025338132000094,-0.032141058589266,-0.030256779046531873,-0.02837249950379775,-0.026488219961063653,-0.02460394041832953,-0.02271966087559546,-0.020835381332861336,-0.018951101790127267,-0.017066822247393088,-0.015182542704658963,-0.013298263161924895,-0.01141398361919077,-0.009529704076456702,-0.007645424533722578,-0.005761144990988454,-0.003876865448254385,-0.0019925859055202055,-0.00010830636278613692,0.0017759731799479872,0.0036602527226821113,0.00554453226541618,0.007428811808150304,0.009313091350884373,0.011197370893618497,0.013081650436352621,0.01496592997908669,0.01685020952182087,0.018734489064554938,0.020618768607289062
2.15,-0.07477547912282723,-0.0728911995800931,-0.07100692003735898,-0.06912264049462491,-0.06723836095189079,-0.06535408140915666,-0.06346980186642256,-0.06158552232368847,-0.059701242780954344,-0.05781696323822022,-0.055932683695486124,-0.054048404152752055,-0.05216412461001793,-0.05027984506728381,-0.04839556552454971,-0.04651128598181559,-0.04462700643908149,-0.042742726896347394,-0.04085844735361327,-0.038974167810879146,-0.03708988826814505,-0.03520560872541095,-0.033321329182676857,-0.03143704963994273,-0.029552770097208608,-0.027668490554474512,-0.025784211011740388,-0.02389993146900632,-0.022015651926272195,-0.020131372383538126,-0.018247092840803947,-0.016362813298069823,-0.014478533755335754,-0.01259425421260163,-0.010709974669867561,-0.008825695127133437,-0.006941415584399313,-0.0050571360416652444,-0.003172856498931065,-0.0012885769561969962,0.0005957025865371279,0.002479982129271252,0.004364261672005321,0.006248541214739445,0.008132820757473513,0.010017100300207638,0.011901379842941762,0.01378565938567583,0.01566993892841001,0.01755421847114408,0.019438498013878203
2.2,-0.075930685898485,-0.07404640635575088,-0.07216212681301676,-0.07027784727028269,-0.06839356772754857,-0.06650928818481444,-0.06462500864208034,-0.06274072909934625,-0.060856449556612124,-0.058972170013878056,-0.057087890471143904,-0.055203610928409835,-0.05331933138567571,-0.05143505184294159,-0.04955077230020749,-0.04766649275747337,-0.04578221321473927,-0.043897933672005174,-0.04201365412927105,-0.040129374586536926,-0.03824509504380283,-0.03636081550106873,-0.034476535958334636,-0.03259225641560051,-0.030707976872866388,-0.028823697330132292,-0.026939417787398168,-0.0250551382446641,-0.023170858701929975,-0.021286579159195906,-0.019402299616461727,-0.017518020073727603,-0.015633740530993534,-0.01374946098825941,-0.011865181445525341,-0.009980901902791217,-0.008096622360057093,-0.006212342817323024,-0.004328063274588845,-0.002443783731854776,-0.000559504189120652,0.001324775353613472,0.0032090548963475407,0.005093334439081665,0.0069776139818157334,0.008861893524549858,0.010746173067283982,0.01263045261001805,0.01451473215275223,0.0163990116954863,0.018283291238220423
2.25,-0.07706122460185205,-0.07517694505911793,-0.0732926655163838,-0.07140838597364974,-0.06952410643091561,-0.06763982688818149,-0.06575554734544739,-0.0638712678027133,-0.06198698825997917,-0.060102708717245046,-0.05821842917451095,-0.05633414963177688,-0.05444987008904276,-0.05256559054630863,-0.050681311003574536,-0.04879703146084041,-0.046912751918106316,-0.04502847237537222,-0.043144192832638095,-0.04125991328990397,-0.039375633747169875,-0.03749135420443578,-0.03560707466170168,-0.03372279511896756,-0.031838515576233434,-0.029954236033499337,-0.028069956490765213,-0.026185676948031145,-0.02430139740529702,-0.022417117862562952,-0.020532838319828772,-0.018648558777094648,-0.01676427923436058,-0.014879999691626455,-0.012995720148892387,-0.011111440606158263,-0.009227161063424139,-0.00734288152069007,-0.00545860197795589,-0.0035743224352218217,-0.0016900428924876976,0.00019423665024642656,0.002078516192980495,0.003962795735714619,0.005847075278448688,0.007731354821182812,0.009615634363916936,0.011499913906651005,0.013384193449385184,0.015268472992119253,0.017152752534853377
2.3,-0.07816749909385107,-0.07628321955111694,-0.07439894000838287,-0.07251466046564875,-0.07063038092291463,-0.0687461013801805,-0.0668618218374464,-0.06497754229471231,-0.06309326275197819,-0.06120898320924406,-0.059324703666509965,-0.057440424123775896,-0.05555614458104177,-0.05367186503830765,-0.05178758549557355,-0.04990330595283943,-0.04801902641010533,-0.046134746867371235,-0.04425046732463711,-0.042366187781902986,-0.04048190823916889,-0.038597628696434794,-0.0367133491537007,-0.03482906961096657,-0.03294479006823245,-0.031060510525498353,-0.02917623098276423,-0.02729195144003016,-0.025407671897296036,-0.023523392354561967,-0.021639112811827788,-0.019754833269093663,-0.017870553726359595,-0.01598627418362547,-0.014101994640891402,-0.012217715098157278,-0.010333435555423154,-0.008449156012689085,-0.006564876469954906,-0.004680596927220837,-0.002796317384486713,-0.0009120378417525887,0.0009722417009814799,0.002856521243715604,0.004740800786449673,0.006625080329183797,0.008509359871917921,0.01039363941465199,0.012277918957386169,0.014162198500120238,0.016046478042854362
2.35,-0.0792499199667051,-0.07736564042397098,-0.07548136088123686,-0.07359708133850279,-0.07171280179576867,-0.06982852225303454,-0.06794424271030045,-0.06605996316756635,-0.06417568362483222,-0.062291404082098156,-0.060407124539364004,-0.058522844996629936,-0.05663856545389581,-0.05475428591116169,-0.05287000636842759,-0.05098572682569347,-0.04910144728295937,-0.047217167740225274,-0.04533288819749115,-0.043448608654757026,-0.04156432911202293,-0.03968004956928883,-0.03779577002655474,-0.03591149048382061,-0.03402721094108649,-0.03214293139835239,-0.030258651855618268,-0.0283743723128842,-0.026490092770150075,-0.024605813227416007,-0.022721533684681827,-0.020837254141947703,-0.018952974599213634,-0.01706869505647951,-0.015184415513745442,-0.013300135971011318,-0.011415856428277193,-0.009531576885543125,-0.007647297342808945,-0.005763017800074877,-0.0038787382573407525,-0.0019944587146066284,-0.00011017917187255977,0.0017741003708615644,0.003658379913595633,0.005542659456329757,0.007426938999063881,0.00931121854179795,0.01119549808453213,0.013079777627266198,0.014964057170000322
2.4,-0.08030890325126555,-0.07842462370853143,-0.07654034416579736,-0.07465606462306323,-0.07277178508032911,-0.07088750553759499,-0.06900322599486089,-0.0671189464521268,-0.06523466690939267,-0.06335038736665854,-0.06146610782392445,-0.05958182828119038,-0.057697548738456256,-0.05581326919572213,-0.053928989652988035,-0.05204471011025391,-0.050160430567519815,-0.04827615102478572,-0.046391871482051594,-0.04450759193931747,-0.042623312396583374,-0.04073903285384928,-0.03885475331111518,-0.03697047376838106,-0.03508619422564693,-0.033201914682912836,-0.03131763514017871,-0.029433355597444644,-0.02754907605471052,-0.02566479651197645,-0.02378051696924227,-0.021896237426508147,-0.02001195788377408,-0.018127678341039954,-0.016243398798305886,-0.014359119255571762,-0.012474839712837638,-0.010590560170103569,-0.00870628062736939,-0.006822001084635321,-0.004937721541901197,-0.0030534419991670725,-0.0011691624564330039,0.0007151170863011203,0.002599396629035189,0.004483676171769313,0.006367955714503437,0.008252235257237506,0.010136514799971685,0.012020794342705754,0.013905073885439878
2.45,-0.08134486921322998,-0.07946058967049585,-0.07757631012776173,-0.07569203058502766,-0.07380775104229353,-0.07192347149955941,-0.07003919195682531,-0.06815491241409122,-0.0662706328713571,-0.06438635332862302,-0.06250207378588887,-0.060617794243154804,-0.05873351470042068,-0.056849235157686556,-0.05496495561495246,-0.053080676072218336,-0.05119639652948424,-0.04931211698675014,-0.04742783744401602,-0.045543557901281895,-0.0436592783585478,-0.0417749988158137,-0.039890719273079606,-0.03800643973034548,-0.03612216018761136,-0.03423788064487726,-0.03235360110214314,-0.03046932155940907,-0.028585042016674944,-0.026700762473940876,-0.024816482931206696,-0.022932203388472572,-0.021047923845738503,-0.01916364430300438,-0.01727936476027031,-0.015395085217536186,-0.013510805674802062,-0.011626526132067994,-0.009742246589333814,-0.007857967046599745,-0.005973687503865621,-0.004089407961131497,-0.0022051284183974285,-0.00032084887566330433,0.0015634306670707643,0.0034477102098048884,0.0053319897525390125,0.007216269295273081,0.00910054883800726,0.01098482838074133,0.012869107923475454
2.5,-0.08235824123526503,-0.0804739616925309,-0.07858968214979684,-0.07670540260706271,-0.07482112306432859,-0.07293684352159446,-0.07105256397886037,-0.06916828443612627,-0.06728400489339215,-0.06539972535065808,-0.06351544580792393,-0.06163116626518986,-0.05974688672245573,-0.05786260717972161,-0.05597832763698751,-0.05409404809425339,-0.05220976855151929,-0.050325489008785196,-0.04844120946605107,-0.04655692992331695,-0.04467265038058285,-0.042788370837848755,-0.04090409129511466,-0.039019811752380534,-0.03713553220964641,-0.035251252666912314,-0.03336697312417819,-0.03148269358144412,-0.029598414038709997,-0.02771413449597593,-0.02582985495324175,-0.023945575410507625,-0.022061295867773556,-0.020177016325039432,-0.018292736782305363,-0.01640845723957124,-0.014524177696837115,-0.012639898154103046,-0.010755618611368867,-0.008871339068634798,-0.006987059525900674,-0.00510277998316655,-0.0032185004404324813,-0.0013342208976983572,0.0005500586450357114,0.0024343381877698356,0.00431861773050396,0.006202897273238028,0.008087176815972208,0.009971456358706277,0.0118557359014404
2.55,-0.0833494447817617,-0.08146516523902758,-0.07958088569629346,-0.07769660615355939,-0.07581232661082526,-0.07392804706809114,-0.07204376752535704,-0.07015948798262295,-0.06827520843988882,-0.06639092889715476,-0.0645066493544206,-0.06262236981168653,-0.06073809026895241,-0.058853810726218286,-0.05696953118348419,-0.055085251640750066,-0.05320097209801597,-0.05131669255528187,-0.04943241301254775,-0.047548133469813625,-0.04566385392707953,-0.04377957438434543,-0.041895294841611336,-0.04001101529887721,-0.03812673575614309,-0.03624245621340899,-0.03435817667067487,-0.0324738971279408,-0.030589617585206674,-0.028705338042472606,-0.026821058499738426,-0.024936778957004302,-0.023052499414270233,-0.02116821987153611,-0.01928394032880204,-0.017399660786067916,-0.015515381243333792,-0.013631101700599724,-0.011746822157865544,-0.009862542615131475,-0.007978263072397351,-0.006093983529663227,-0.004209703986929159,-0.0023254244441950345,-0.00044114490146096585,0.0014431346412731583,0.0033274141840072824,0.005211693726741351,0.007095973269475531,0.0089802528122096,0.010864532354943723
2.6,-0.08431890644274215,-0.08243462690000802,-0.08055034735727395,-0.07866606781453983,-0.0767817882718057,-0.07489750872907158,-0.07301322918633749,-0.07112894964360339,-0.06924467010086927,-0.06736039055813514,-0.06547611101540105,-0.06359183147266698,-0.06170755192993285,-0.05982327238719873,-0.05793899284446463,-0.05605471330173051,-0.05417043375899641,-0.052286154216262315,-0.05040187467352819,-0.04851759513079407,-0.04663331558805997,-0.044749036045325874,-0.04286475650259178,-0.040980476959857653,-0.03909619741712353,-0.03721191787438943,-0.03532763833165531,-0.03344335878892124,-0.031559079246187116,-0.029674799703453048,-0.027790520160718868,-0.025906240617984744,-0.024021961075250675,-0.02213768153251655,-0.020253401989782482,-0.01836912244704836,-0.016484842904314234,-0.014600563361580166,-0.012716283818845986,-0.010832004276111917,-0.008947724733377793,-0.007063445190643669,-0.0051791656479096004,-0.0032948861051754763,-0.0014106065624414077,0.00047367298029271643,0.0023579525230268406,0.004242232065760909,0.006126511608495089,0.008010791151229157,0.009895070693963282
2.65,-0.08526705305330334,-0.08338277351056922,-0.08149849396783515,-0.07961421442510103,-0.0777299348823669,-0.07584565533963278,-0.07396137579689868,-0.07207709625416459,-0.07019281671143046,-0.06830853716869634,-0.06642425762596224,-0.06453997808322817,-0.06265569854049405,-0.060771418997759924,-0.05888713945502583,-0.0570028599122917,-0.05511858036955761,-0.05323430082682351,-0.05135002128408939,-0.04946574174135526,-0.047581462198621166,-0.04569718265588707,-0.04381290311315297,-0.04192862357041885,-0.040044344027684725,-0.03816006448495063,-0.036275784942216505,-0.034391505399482436,-0.03250722585674831,-0.030622946314014243,-0.028738666771280064,-0.02685438722854594,-0.02497010768581187,-0.023085828143077747,-0.021201548600343678,-0.019317269057609554,-0.01743298951487543,-0.015548709972141361,-0.013664430429407182,-0.011780150886673113,-0.009895871343938989,-0.008011591801204865,-0.006127312258470796,-0.004243032715736672,-0.0023587531730026035,-0.00047447363026847933,0.0014098059124656448,0.0032940854551997134,0.005178364997933893,0.007062644540667962,0.008946924083402086
2.7,-0.08619431088490281,-0.08431003134216869,-0.08242575179943462,-0.0805414722567005,-0.07865719271396637,-0.07677291317123225,-0.07488863362849815,-0.07300435408576406,-0.07112007454302993,-0.06923579500029586,-0.06735151545756171,-0.06546723591482764,-0.06358295637209352,-0.061698676829359395,-0.0598143972866253,-0.057930117743891174,-0.05604583820115708,-0.05416155865842298,-0.05227727911568886,-0.05039299957295473,-0.04850872003022064,-0.04662444048748654,-0.044740160944752444,-0.04285588140201832,-0.040971601859284196,-0.0390873223165501,-0.037203042773815975,-0.03531876323108191,-0.03343448368834778,-0.031550204145613714,-0.029665924602879534,-0.02778164506014541,-0.02589736551741134,-0.024013085974677217,-0.02212880643194315,-0.020244526889209025,-0.0183602473464749,-0.016475967803740832,-0.014591688261006652,-0.012707408718272584,-0.01082312917553846,-0.008938849632804335,-0.007054570090070267,-0.005170290547336143,-0.003286011004602074,-0.00140173146186795,0.0004825480808661742,0.002366827623600243,0.004251107166334422,0.006135386709068491,0.008019666251802615
2.75,-0.0871011049047678,-0.08521682536203368,-0.08333254581929961,-0.08144826627656548,-0.07956398673383136,-0.07767970719109724,-0.07579542764836314,-0.07391114810562904,-0.07202686856289492,-0.0701425890201608,-0.0682583094774267,-0.06637402993469263,-0.0644897503919585,-0.06260547084922438,-0.060721191306490285,-0.05883691176375616,-0.056952632221022065,-0.05506835267828797,-0.053184073135553844,-0.05129979359281972,-0.049415514050085624,-0.04753123450735153,-0.04564695496461743,-0.04376267542188331,-0.04187839587914918,-0.039994116336415086,-0.03810983679368096,-0.036225557250946894,-0.03434127770821277,-0.0324569981654787,-0.03057271862274452,-0.028688439080010397,-0.02680415953727633,-0.024919879994542204,-0.023035600451808136,-0.021151320909074012,-0.019267041366339888,-0.01738276182360582,-0.01549848228087164,-0.01361420273813757,-0.011729923195403447,-0.009845643652669323,-0.007961364109935254,-0.00607708456720113,-0.004192805024467061,-0.002308525481732937,-0.0004242459389988129,0.0014600336037352557,0.0033443131464694353,0.005228592689203504,0.007112872231937628
2.8,-0.08798785809972653,-0.08610357855699241,-0.08421929901425829,-0.08233501947152422,-0.0804507399287901,-0.07856646038605597,-0.07668218084332187,-0.07479790130058778,-0.07291362175785365,-0.07102934221511953,-0.06914506267238543,-0.06726078312965134,-0.06537650358691724,-0.06349222404418312,-0.06160794450144902,-0.059723664958714895,-0.0578393854159808,-0.0559551058732467,-0.05407082633051258,-0.052186546787778454,-0.05030226724504436,-0.04841798770231026,-0.046533708159576165,-0.04464942861684204,-0.04276514907410792,-0.04088086953137382,-0.038996589988639696,-0.03711231044590563,-0.0352280309031715,-0.033343751360437435,-0.031459471817703255,-0.02957519227496913,-0.027690912732235062,-0.025806633189500938,-0.02392235364676687,-0.022038074104032745,-0.02015379456129862,-0.018269515018564553,-0.016385235475830373,-0.014500955933096304,-0.01261667639036218,-0.010732396847628056,-0.008848117304893988,-0.0069638377621598635,-0.005079558219425795,-0.0031952786766916708,-0.0013109991339575466,0.000573280408776522,0.0024575599515107016,0.00434183949424477,0.006226119036978894
2.85,-0.08885499086080889,-0.08697071131807477,-0.0850864317753407,-0.08320215223260657,-0.08131787268987245,-0.07943359314713833,-0.07754931360440423,-0.07566503406167013,-0.07378075451893601,-0.07189647497620189,-0.07001219543346779,-0.06812791589073369,-0.0662436363479996,-0.06435935680526547,-0.062475077262531375,-0.06059079771979725,-0.058706518177063155,-0.05682223863432906,-0.054937959091594935,-0.05305367954886081,-0.051169400006126714,-0.04928512046339262,-0.04740084092065852,-0.0455165613779244,-0.04363228183519027,-0.04174800229245618,-0.03986372274972205,-0.037979443206987984,-0.03609516366425386,-0.03421088412151979,-0.03232660457878561,-0.030442325036051487,-0.02855804549331742,-0.026673765950583295,-0.024789486407849226,-0.022905206865115102,-0.021020927322380978,-0.01913664777964691,-0.01725236823691273,-0.015368088694178661,-0.013483809151444537,-0.011599529608710413,-0.009715250065976344,-0.00783097052324222,-0.005946690980508151,-0.004062411437774027,-0.002178131895039903,-0.0002938523523058345,0.0015904271904283451,0.0034747067331624137,0.005358986275896538
2.9,-0.08970292042504363,-0.0878186408823095,-0.08593436133957544,-0.08405008179684131,-0.08216580225410719,-0.08028152271137307,-0.07839724316863897,-0.07651296362590487,-0.07462868408317075,-0.07274440454043662,-0.07086012499770253,-0.06897584545496843,-0.06709156591223434,-0.06520728636950021,-0.06332300682676612,-0.06143872728403199,-0.059554447741297895,-0.0576701681985638,-0.055785888655829674,-0.05390160911309555,-0.052017329570361454,-0.05013305002762736,-0.04824877048489326,-0.04636449094215914,-0.04448021139942501,-0.042595931856690916,-0.04071165231395679,-0.03882737277122272,-0.0369430932284886,-0.03505881368575453,-0.03317453414302035,-0.03129025460028623,-0.02940597505755216,-0.027521695514818034,-0.025637415972083966,-0.02375313642934984,-0.021868856886615717,-0.01998457734388165,-0.01810029780114747,-0.0162160182584134,-0.014331738715679276,-0.012447459172945152,-0.010563179630211084,-0.00867890008747696,-0.006794620544742891,-0.004910341002008767,-0.0030260614592746427,-0.001141781916540574,0.0007424976261936056,0.002626777168927674,0.004511056711661798
2.95,-0.09053206037097561,-0.08864778082824148,-0.08676350128550736,-0.08487922174277329,-0.08299494220003917,-0.08111066265730504,-0.07922638311457095,-0.07734210357183685,-0.07545782402910273,-0.0735735444863686,-0.0716892649436345,-0.06980498540090041,-0.06792070585816631,-0.06603642631543219,-0.0641521467726981,-0.06226786722996397,-0.06038358768722987,-0.058499308144495776,-0.05661502860176165,-0.05473074905902753,-0.05284646951629343,-0.050962189973559335,-0.04907791043082524,-0.047193630888091115,-0.04530935134535699,-0.043425071802622894,-0.04154079225988877,-0.0396565127171547,-0.03777223317442058,-0.03588795363168651,-0.03400367408895233,-0.032119394546218205,-0.030235115003484136,-0.028350835460750012,-0.026466555918015944,-0.02458227637528182,-0.022697996832547696,-0.020813717289813627,-0.018929437747079447,-0.01704515820434538,-0.015160878661611255,-0.01327659911887713,-0.011392319576143062,-0.009508040033408938,-0.007623760490674869,-0.005739480947940745,-0.003855201405206621,-0.001970921862472552,-8.664231973837255e-05,0.001797637222995696,0.00368191676572982
3.0,-0.09134282016454831,-0.08945854062181419,-0.08757426107908006,-0.085689981536346,-0.08380570199361187,-0.08192142245087775,-0.08003714290814365,-0.07815286336540955,-0.07626858382267543,-0.0743843042799413,-0.07250002473720721,-0.07061574519447311,-0.06873146565173902,-0.06684718610900489,-0.0649629065662708,-0.06307862702353667,-0.061194347480802574,-0.05931006793806848,-0.057425788395334354,-0.05554150885260023,-0.053657229309866133,-0.05177294976713204,-0.04988867022439794,-0.04800439068166382,-0.04612011113892969,-0.044235831596195596,-0.04235155205346147,-0.0404672725107274,-0.03858299296799328,-0.03669871342525921,-0.03481443388252503,-0.03293015433979091,-0.03104587479705684,-0.029161595254322714,-0.027277315711588646,-0.02539303616885452,-0.023508756626120397,-0.02162447708338633,-0.01974019754065215,-0.01785591799791808,-0.015971638455183956,-0.014087358912449832,-0.012203079369715764,-0.01031879982698164,-0.00843452028424757,-0.006550240741513447,-0.004665961198779323,-0.002781681656045254,-0.0008974021133110743,0.0009868774294229943,0.0028711569721571184
